ISO-10303-21;
HEADER;
/* Generated by software containing ST-Developer
 * from STEP Tools, Inc. (www.steptools.com) 
 */

FILE_DESCRIPTION(
/* description */ (''),
/* implementation_level */ '2;1');

FILE_NAME(
/* name */ 'Drone v1.step',
/* time_stamp */ '2026-10-05T17:41:44+04:00',
/* author */ (''),
/* organization */ (''),
/* preprocessor_version */ 'ST-DEVELOPER v20.2',
/* originating_system */ 'Autodesk Translation Framework v15.15.0.0',
/* authorisation */ '');

FILE_SCHEMA (('AUTOMOTIVE_DESIGN { 1 0 10303 214 3 1 1 }'));
ENDSEC;

DATA;
#10=MECHANICAL_DESIGN_GEOMETRIC_PRESENTATION_REPRESENTATION('',(#13,#14,
#15,#16,#17,#18,#19,#20,#21,#22,#23,#24,#25,#26,#27,#28),#5215);
#11=SHAPE_REPRESENTATION_RELATIONSHIP('SRR','None',#5222,#12);
#12=ADVANCED_BREP_SHAPE_REPRESENTATION('',(#29,#30,#31,#32,#33,#34,#35,
#36,#37,#38,#39,#40,#41,#42,#43,#44),#5214);
#13=STYLED_ITEM('',(#5232),#29);
#14=STYLED_ITEM('',(#5233),#30);
#15=STYLED_ITEM('',(#5234),#31);
#16=STYLED_ITEM('',(#5234),#32);
#17=STYLED_ITEM('',(#5234),#33);
#18=STYLED_ITEM('',(#5234),#34);
#19=STYLED_ITEM('',(#5235),#35);
#20=STYLED_ITEM('',(#5231),#36);
#21=STYLED_ITEM('',(#5231),#37);
#22=STYLED_ITEM('',(#5231),#38);
#23=STYLED_ITEM('',(#5231),#39);
#24=STYLED_ITEM('',(#5236),#40);
#25=STYLED_ITEM('',(#5237),#41);
#26=STYLED_ITEM('',(#5237),#42);
#27=STYLED_ITEM('',(#5236),#43);
#28=STYLED_ITEM('',(#5238),#44);
#29=MANIFOLD_SOLID_BREP('Body2',#3072);
#30=MANIFOLD_SOLID_BREP('Body7',#3073);
#31=MANIFOLD_SOLID_BREP('Body8',#3074);
#32=MANIFOLD_SOLID_BREP('Body9',#3075);
#33=MANIFOLD_SOLID_BREP('Body10',#3076);
#34=MANIFOLD_SOLID_BREP('Body11',#3077);
#35=MANIFOLD_SOLID_BREP('Body12',#3078);
#36=MANIFOLD_SOLID_BREP('Body13',#3079);
#37=MANIFOLD_SOLID_BREP('Body14',#3080);
#38=MANIFOLD_SOLID_BREP('Body15',#3081);
#39=MANIFOLD_SOLID_BREP('Body16',#3082);
#40=MANIFOLD_SOLID_BREP('Body17',#3083);
#41=MANIFOLD_SOLID_BREP('Body18',#3084);
#42=MANIFOLD_SOLID_BREP('Body19',#3085);
#43=MANIFOLD_SOLID_BREP('Body20',#3086);
#44=MANIFOLD_SOLID_BREP('Body21',#3087);
#45=FACE_BOUND('',#420,.T.);
#46=FACE_BOUND('',#421,.T.);
#47=FACE_BOUND('',#422,.T.);
#48=FACE_BOUND('',#423,.T.);
#49=FACE_BOUND('',#443,.T.);
#50=FACE_BOUND('',#444,.T.);
#51=FACE_BOUND('',#445,.T.);
#52=FACE_BOUND('',#446,.T.);
#53=FACE_BOUND('',#447,.T.);
#54=FACE_BOUND('',#448,.T.);
#55=FACE_BOUND('',#449,.T.);
#56=FACE_BOUND('',#450,.T.);
#57=FACE_BOUND('',#451,.T.);
#58=FACE_BOUND('',#452,.T.);
#59=FACE_BOUND('',#453,.T.);
#60=FACE_BOUND('',#454,.T.);
#61=FACE_BOUND('',#455,.T.);
#62=FACE_BOUND('',#456,.T.);
#63=FACE_BOUND('',#457,.T.);
#64=FACE_BOUND('',#458,.T.);
#65=FACE_BOUND('',#459,.T.);
#66=FACE_BOUND('',#460,.T.);
#67=FACE_BOUND('',#461,.T.);
#68=FACE_BOUND('',#462,.T.);
#69=FACE_BOUND('',#489,.T.);
#70=FACE_BOUND('',#490,.T.);
#71=FACE_BOUND('',#491,.T.);
#72=FACE_BOUND('',#492,.T.);
#73=FACE_BOUND('',#493,.T.);
#74=FACE_BOUND('',#494,.T.);
#75=FACE_BOUND('',#495,.T.);
#76=FACE_BOUND('',#496,.T.);
#77=FACE_BOUND('',#497,.T.);
#78=FACE_BOUND('',#498,.T.);
#79=FACE_BOUND('',#499,.T.);
#80=FACE_BOUND('',#500,.T.);
#81=FACE_BOUND('',#501,.T.);
#82=FACE_BOUND('',#502,.T.);
#83=FACE_BOUND('',#503,.T.);
#84=FACE_BOUND('',#504,.T.);
#85=FACE_BOUND('',#505,.T.);
#86=FACE_BOUND('',#519,.T.);
#87=FACE_BOUND('',#520,.T.);
#88=FACE_BOUND('',#521,.T.);
#89=FACE_BOUND('',#522,.T.);
#90=FACE_BOUND('',#523,.T.);
#91=FACE_BOUND('',#524,.T.);
#92=FACE_BOUND('',#525,.T.);
#93=FACE_BOUND('',#526,.T.);
#94=FACE_BOUND('',#528,.T.);
#95=FACE_BOUND('',#529,.T.);
#96=FACE_BOUND('',#530,.T.);
#97=FACE_BOUND('',#531,.T.);
#98=FACE_BOUND('',#532,.T.);
#99=FACE_BOUND('',#533,.T.);
#100=FACE_BOUND('',#534,.T.);
#101=FACE_BOUND('',#535,.T.);
#102=FACE_BOUND('',#544,.T.);
#103=FACE_BOUND('',#545,.T.);
#104=FACE_BOUND('',#546,.T.);
#105=FACE_BOUND('',#547,.T.);
#106=FACE_BOUND('',#548,.T.);
#107=FACE_BOUND('',#550,.T.);
#108=FACE_BOUND('',#551,.T.);
#109=FACE_BOUND('',#552,.T.);
#110=FACE_BOUND('',#553,.T.);
#111=FACE_BOUND('',#562,.T.);
#112=FACE_BOUND('',#563,.T.);
#113=FACE_BOUND('',#564,.T.);
#114=FACE_BOUND('',#565,.T.);
#115=FACE_BOUND('',#566,.T.);
#116=FACE_BOUND('',#568,.T.);
#117=FACE_BOUND('',#569,.T.);
#118=FACE_BOUND('',#570,.T.);
#119=FACE_BOUND('',#571,.T.);
#120=FACE_BOUND('',#580,.T.);
#121=FACE_BOUND('',#581,.T.);
#122=FACE_BOUND('',#582,.T.);
#123=FACE_BOUND('',#583,.T.);
#124=FACE_BOUND('',#584,.T.);
#125=FACE_BOUND('',#586,.T.);
#126=FACE_BOUND('',#587,.T.);
#127=FACE_BOUND('',#588,.T.);
#128=FACE_BOUND('',#589,.T.);
#129=FACE_BOUND('',#598,.T.);
#130=FACE_BOUND('',#599,.T.);
#131=FACE_BOUND('',#600,.T.);
#132=FACE_BOUND('',#601,.T.);
#133=FACE_BOUND('',#602,.T.);
#134=FACE_BOUND('',#604,.T.);
#135=FACE_BOUND('',#605,.T.);
#136=FACE_BOUND('',#606,.T.);
#137=FACE_BOUND('',#607,.T.);
#138=FACE_BOUND('',#621,.T.);
#139=FACE_BOUND('',#622,.T.);
#140=FACE_BOUND('',#623,.T.);
#141=FACE_BOUND('',#624,.T.);
#142=FACE_BOUND('',#626,.T.);
#143=FACE_BOUND('',#627,.T.);
#144=FACE_BOUND('',#628,.T.);
#145=FACE_BOUND('',#629,.T.);
#146=FACE_BOUND('',#636,.T.);
#147=FACE_BOUND('',#638,.T.);
#148=FACE_BOUND('',#648,.T.);
#149=FACE_BOUND('',#650,.T.);
#150=FACE_BOUND('',#657,.T.);
#151=FACE_BOUND('',#659,.T.);
#152=PLANE('',#3104);
#153=PLANE('',#3108);
#154=PLANE('',#3112);
#155=PLANE('',#3116);
#156=PLANE('',#3117);
#157=PLANE('',#3137);
#158=PLANE('',#3141);
#159=PLANE('',#3145);
#160=PLANE('',#3149);
#161=PLANE('',#3153);
#162=PLANE('',#3162);
#163=PLANE('',#3213);
#164=PLANE('',#3214);
#165=PLANE('',#3215);
#166=PLANE('',#3218);
#167=PLANE('',#3219);
#168=PLANE('',#3220);
#169=PLANE('',#3221);
#170=PLANE('',#3224);
#171=PLANE('',#3249);
#172=PLANE('',#3250);
#173=PLANE('',#3251);
#174=PLANE('',#3252);
#175=PLANE('',#3253);
#176=PLANE('',#3254);
#177=PLANE('',#3258);
#178=PLANE('',#3274);
#179=PLANE('',#3275);
#180=PLANE('',#3279);
#181=PLANE('',#3295);
#182=PLANE('',#3296);
#183=PLANE('',#3300);
#184=PLANE('',#3316);
#185=PLANE('',#3317);
#186=PLANE('',#3321);
#187=PLANE('',#3337);
#188=PLANE('',#3338);
#189=PLANE('',#3351);
#190=PLANE('',#3355);
#191=PLANE('',#3359);
#192=PLANE('',#3363);
#193=PLANE('',#3367);
#194=PLANE('',#3368);
#195=PLANE('',#3375);
#196=PLANE('',#3379);
#197=PLANE('',#3380);
#198=PLANE('',#3381);
#199=PLANE('',#3385);
#200=PLANE('',#3386);
#201=PLANE('',#3393);
#202=PLANE('',#3397);
#203=PLANE('',#3398);
#204=PLANE('',#3399);
#205=PLANE('',#3403);
#206=PLANE('',#3407);
#207=PLANE('',#3411);
#208=PLANE('',#3412);
#209=PLANE('',#3413);
#210=PLANE('',#3414);
#211=PLANE('',#3415);
#212=PLANE('',#3416);
#213=PLANE('',#3417);
#214=PLANE('',#3418);
#215=PLANE('',#3419);
#216=PLANE('',#3420);
#217=PLANE('',#3421);
#218=PLANE('',#3422);
#219=PLANE('',#3423);
#220=PLANE('',#3424);
#221=PLANE('',#3425);
#222=PLANE('',#3426);
#223=PLANE('',#3427);
#224=PLANE('',#3428);
#225=PLANE('',#3429);
#226=PLANE('',#3430);
#227=PLANE('',#3431);
#228=PLANE('',#3432);
#229=PLANE('',#3433);
#230=PLANE('',#3434);
#231=PLANE('',#3435);
#232=PLANE('',#3436);
#233=PLANE('',#3437);
#234=PLANE('',#3438);
#235=PLANE('',#3439);
#236=PLANE('',#3440);
#237=PLANE('',#3441);
#238=PLANE('',#3442);
#239=FACE_OUTER_BOUND('',#411,.T.);
#240=FACE_OUTER_BOUND('',#412,.T.);
#241=FACE_OUTER_BOUND('',#413,.T.);
#242=FACE_OUTER_BOUND('',#414,.T.);
#243=FACE_OUTER_BOUND('',#415,.T.);
#244=FACE_OUTER_BOUND('',#416,.T.);
#245=FACE_OUTER_BOUND('',#417,.T.);
#246=FACE_OUTER_BOUND('',#418,.T.);
#247=FACE_OUTER_BOUND('',#419,.T.);
#248=FACE_OUTER_BOUND('',#424,.T.);
#249=FACE_OUTER_BOUND('',#425,.T.);
#250=FACE_OUTER_BOUND('',#426,.T.);
#251=FACE_OUTER_BOUND('',#427,.T.);
#252=FACE_OUTER_BOUND('',#428,.T.);
#253=FACE_OUTER_BOUND('',#429,.T.);
#254=FACE_OUTER_BOUND('',#430,.T.);
#255=FACE_OUTER_BOUND('',#431,.T.);
#256=FACE_OUTER_BOUND('',#432,.T.);
#257=FACE_OUTER_BOUND('',#433,.T.);
#258=FACE_OUTER_BOUND('',#434,.T.);
#259=FACE_OUTER_BOUND('',#435,.T.);
#260=FACE_OUTER_BOUND('',#436,.T.);
#261=FACE_OUTER_BOUND('',#437,.T.);
#262=FACE_OUTER_BOUND('',#438,.T.);
#263=FACE_OUTER_BOUND('',#439,.T.);
#264=FACE_OUTER_BOUND('',#440,.T.);
#265=FACE_OUTER_BOUND('',#441,.T.);
#266=FACE_OUTER_BOUND('',#442,.T.);
#267=FACE_OUTER_BOUND('',#463,.T.);
#268=FACE_OUTER_BOUND('',#464,.T.);
#269=FACE_OUTER_BOUND('',#465,.T.);
#270=FACE_OUTER_BOUND('',#466,.T.);
#271=FACE_OUTER_BOUND('',#467,.T.);
#272=FACE_OUTER_BOUND('',#468,.T.);
#273=FACE_OUTER_BOUND('',#469,.T.);
#274=FACE_OUTER_BOUND('',#470,.T.);
#275=FACE_OUTER_BOUND('',#471,.T.);
#276=FACE_OUTER_BOUND('',#472,.T.);
#277=FACE_OUTER_BOUND('',#473,.T.);
#278=FACE_OUTER_BOUND('',#474,.T.);
#279=FACE_OUTER_BOUND('',#475,.T.);
#280=FACE_OUTER_BOUND('',#476,.T.);
#281=FACE_OUTER_BOUND('',#477,.T.);
#282=FACE_OUTER_BOUND('',#478,.T.);
#283=FACE_OUTER_BOUND('',#479,.T.);
#284=FACE_OUTER_BOUND('',#480,.T.);
#285=FACE_OUTER_BOUND('',#481,.T.);
#286=FACE_OUTER_BOUND('',#482,.T.);
#287=FACE_OUTER_BOUND('',#483,.T.);
#288=FACE_OUTER_BOUND('',#484,.T.);
#289=FACE_OUTER_BOUND('',#485,.T.);
#290=FACE_OUTER_BOUND('',#486,.T.);
#291=FACE_OUTER_BOUND('',#487,.T.);
#292=FACE_OUTER_BOUND('',#488,.T.);
#293=FACE_OUTER_BOUND('',#506,.T.);
#294=FACE_OUTER_BOUND('',#507,.T.);
#295=FACE_OUTER_BOUND('',#508,.T.);
#296=FACE_OUTER_BOUND('',#509,.T.);
#297=FACE_OUTER_BOUND('',#510,.T.);
#298=FACE_OUTER_BOUND('',#511,.T.);
#299=FACE_OUTER_BOUND('',#512,.T.);
#300=FACE_OUTER_BOUND('',#513,.T.);
#301=FACE_OUTER_BOUND('',#514,.T.);
#302=FACE_OUTER_BOUND('',#515,.T.);
#303=FACE_OUTER_BOUND('',#516,.T.);
#304=FACE_OUTER_BOUND('',#517,.T.);
#305=FACE_OUTER_BOUND('',#518,.T.);
#306=FACE_OUTER_BOUND('',#527,.T.);
#307=FACE_OUTER_BOUND('',#536,.T.);
#308=FACE_OUTER_BOUND('',#537,.T.);
#309=FACE_OUTER_BOUND('',#538,.T.);
#310=FACE_OUTER_BOUND('',#539,.T.);
#311=FACE_OUTER_BOUND('',#540,.T.);
#312=FACE_OUTER_BOUND('',#541,.T.);
#313=FACE_OUTER_BOUND('',#542,.T.);
#314=FACE_OUTER_BOUND('',#543,.T.);
#315=FACE_OUTER_BOUND('',#549,.T.);
#316=FACE_OUTER_BOUND('',#554,.T.);
#317=FACE_OUTER_BOUND('',#555,.T.);
#318=FACE_OUTER_BOUND('',#556,.T.);
#319=FACE_OUTER_BOUND('',#557,.T.);
#320=FACE_OUTER_BOUND('',#558,.T.);
#321=FACE_OUTER_BOUND('',#559,.T.);
#322=FACE_OUTER_BOUND('',#560,.T.);
#323=FACE_OUTER_BOUND('',#561,.T.);
#324=FACE_OUTER_BOUND('',#567,.T.);
#325=FACE_OUTER_BOUND('',#572,.T.);
#326=FACE_OUTER_BOUND('',#573,.T.);
#327=FACE_OUTER_BOUND('',#574,.T.);
#328=FACE_OUTER_BOUND('',#575,.T.);
#329=FACE_OUTER_BOUND('',#576,.T.);
#330=FACE_OUTER_BOUND('',#577,.T.);
#331=FACE_OUTER_BOUND('',#578,.T.);
#332=FACE_OUTER_BOUND('',#579,.T.);
#333=FACE_OUTER_BOUND('',#585,.T.);
#334=FACE_OUTER_BOUND('',#590,.T.);
#335=FACE_OUTER_BOUND('',#591,.T.);
#336=FACE_OUTER_BOUND('',#592,.T.);
#337=FACE_OUTER_BOUND('',#593,.T.);
#338=FACE_OUTER_BOUND('',#594,.T.);
#339=FACE_OUTER_BOUND('',#595,.T.);
#340=FACE_OUTER_BOUND('',#596,.T.);
#341=FACE_OUTER_BOUND('',#597,.T.);
#342=FACE_OUTER_BOUND('',#603,.T.);
#343=FACE_OUTER_BOUND('',#608,.T.);
#344=FACE_OUTER_BOUND('',#609,.T.);
#345=FACE_OUTER_BOUND('',#610,.T.);
#346=FACE_OUTER_BOUND('',#611,.T.);
#347=FACE_OUTER_BOUND('',#612,.T.);
#348=FACE_OUTER_BOUND('',#613,.T.);
#349=FACE_OUTER_BOUND('',#614,.T.);
#350=FACE_OUTER_BOUND('',#615,.T.);
#351=FACE_OUTER_BOUND('',#616,.T.);
#352=FACE_OUTER_BOUND('',#617,.T.);
#353=FACE_OUTER_BOUND('',#618,.T.);
#354=FACE_OUTER_BOUND('',#619,.T.);
#355=FACE_OUTER_BOUND('',#620,.T.);
#356=FACE_OUTER_BOUND('',#625,.T.);
#357=FACE_OUTER_BOUND('',#630,.T.);
#358=FACE_OUTER_BOUND('',#631,.T.);
#359=FACE_OUTER_BOUND('',#632,.T.);
#360=FACE_OUTER_BOUND('',#633,.T.);
#361=FACE_OUTER_BOUND('',#634,.T.);
#362=FACE_OUTER_BOUND('',#635,.T.);
#363=FACE_OUTER_BOUND('',#637,.T.);
#364=FACE_OUTER_BOUND('',#639,.T.);
#365=FACE_OUTER_BOUND('',#640,.T.);
#366=FACE_OUTER_BOUND('',#641,.T.);
#367=FACE_OUTER_BOUND('',#642,.T.);
#368=FACE_OUTER_BOUND('',#643,.T.);
#369=FACE_OUTER_BOUND('',#644,.T.);
#370=FACE_OUTER_BOUND('',#645,.T.);
#371=FACE_OUTER_BOUND('',#646,.T.);
#372=FACE_OUTER_BOUND('',#647,.T.);
#373=FACE_OUTER_BOUND('',#649,.T.);
#374=FACE_OUTER_BOUND('',#651,.T.);
#375=FACE_OUTER_BOUND('',#652,.T.);
#376=FACE_OUTER_BOUND('',#653,.T.);
#377=FACE_OUTER_BOUND('',#654,.T.);
#378=FACE_OUTER_BOUND('',#655,.T.);
#379=FACE_OUTER_BOUND('',#656,.T.);
#380=FACE_OUTER_BOUND('',#658,.T.);
#381=FACE_OUTER_BOUND('',#660,.T.);
#382=FACE_OUTER_BOUND('',#661,.T.);
#383=FACE_OUTER_BOUND('',#662,.T.);
#384=FACE_OUTER_BOUND('',#663,.T.);
#385=FACE_OUTER_BOUND('',#664,.T.);
#386=FACE_OUTER_BOUND('',#665,.T.);
#387=FACE_OUTER_BOUND('',#666,.T.);
#388=FACE_OUTER_BOUND('',#667,.T.);
#389=FACE_OUTER_BOUND('',#668,.T.);
#390=FACE_OUTER_BOUND('',#669,.T.);
#391=FACE_OUTER_BOUND('',#670,.T.);
#392=FACE_OUTER_BOUND('',#671,.T.);
#393=FACE_OUTER_BOUND('',#672,.T.);
#394=FACE_OUTER_BOUND('',#673,.T.);
#395=FACE_OUTER_BOUND('',#674,.T.);
#396=FACE_OUTER_BOUND('',#675,.T.);
#397=FACE_OUTER_BOUND('',#676,.T.);
#398=FACE_OUTER_BOUND('',#677,.T.);
#399=FACE_OUTER_BOUND('',#678,.T.);
#400=FACE_OUTER_BOUND('',#679,.T.);
#401=FACE_OUTER_BOUND('',#680,.T.);
#402=FACE_OUTER_BOUND('',#681,.T.);
#403=FACE_OUTER_BOUND('',#682,.T.);
#404=FACE_OUTER_BOUND('',#683,.T.);
#405=FACE_OUTER_BOUND('',#684,.T.);
#406=FACE_OUTER_BOUND('',#685,.T.);
#407=FACE_OUTER_BOUND('',#686,.T.);
#408=FACE_OUTER_BOUND('',#687,.T.);
#409=FACE_OUTER_BOUND('',#688,.T.);
#410=FACE_OUTER_BOUND('',#689,.T.);
#411=EDGE_LOOP('',(#2005,#2006,#2007,#2008));
#412=EDGE_LOOP('',(#2009,#2010,#2011,#2012));
#413=EDGE_LOOP('',(#2013,#2014,#2015,#2016));
#414=EDGE_LOOP('',(#2017,#2018,#2019,#2020));
#415=EDGE_LOOP('',(#2021,#2022,#2023,#2024));
#416=EDGE_LOOP('',(#2025,#2026,#2027,#2028));
#417=EDGE_LOOP('',(#2029,#2030,#2031,#2032));
#418=EDGE_LOOP('',(#2033,#2034,#2035,#2036));
#419=EDGE_LOOP('',(#2037,#2038,#2039,#2040,#2041,#2042,#2043,#2044));
#420=EDGE_LOOP('',(#2045));
#421=EDGE_LOOP('',(#2046));
#422=EDGE_LOOP('',(#2047));
#423=EDGE_LOOP('',(#2048));
#424=EDGE_LOOP('',(#2049,#2050,#2051,#2052));
#425=EDGE_LOOP('',(#2053,#2054,#2055,#2056));
#426=EDGE_LOOP('',(#2057,#2058,#2059,#2060));
#427=EDGE_LOOP('',(#2061,#2062,#2063,#2064));
#428=EDGE_LOOP('',(#2065,#2066,#2067,#2068));
#429=EDGE_LOOP('',(#2069,#2070,#2071,#2072));
#430=EDGE_LOOP('',(#2073,#2074,#2075,#2076));
#431=EDGE_LOOP('',(#2077,#2078,#2079,#2080));
#432=EDGE_LOOP('',(#2081,#2082,#2083,#2084));
#433=EDGE_LOOP('',(#2085,#2086,#2087,#2088));
#434=EDGE_LOOP('',(#2089,#2090,#2091,#2092));
#435=EDGE_LOOP('',(#2093,#2094,#2095,#2096));
#436=EDGE_LOOP('',(#2097,#2098,#2099,#2100));
#437=EDGE_LOOP('',(#2101,#2102,#2103,#2104));
#438=EDGE_LOOP('',(#2105,#2106,#2107,#2108));
#439=EDGE_LOOP('',(#2109,#2110,#2111,#2112));
#440=EDGE_LOOP('',(#2113,#2114,#2115,#2116));
#441=EDGE_LOOP('',(#2117,#2118,#2119,#2120));
#442=EDGE_LOOP('',(#2121,#2122,#2123,#2124,#2125,#2126,#2127,#2128,#2129,
#2130,#2131,#2132,#2133,#2134,#2135,#2136,#2137,#2138,#2139,#2140,#2141,
#2142,#2143));
#443=EDGE_LOOP('',(#2144));
#444=EDGE_LOOP('',(#2145));
#445=EDGE_LOOP('',(#2146));
#446=EDGE_LOOP('',(#2147));
#447=EDGE_LOOP('',(#2148));
#448=EDGE_LOOP('',(#2149));
#449=EDGE_LOOP('',(#2150));
#450=EDGE_LOOP('',(#2151));
#451=EDGE_LOOP('',(#2152));
#452=EDGE_LOOP('',(#2153));
#453=EDGE_LOOP('',(#2154));
#454=EDGE_LOOP('',(#2155));
#455=EDGE_LOOP('',(#2156));
#456=EDGE_LOOP('',(#2157));
#457=EDGE_LOOP('',(#2158));
#458=EDGE_LOOP('',(#2159));
#459=EDGE_LOOP('',(#2160));
#460=EDGE_LOOP('',(#2161));
#461=EDGE_LOOP('',(#2162));
#462=EDGE_LOOP('',(#2163));
#463=EDGE_LOOP('',(#2164,#2165,#2166,#2167));
#464=EDGE_LOOP('',(#2168,#2169,#2170,#2171));
#465=EDGE_LOOP('',(#2172,#2173,#2174,#2175));
#466=EDGE_LOOP('',(#2176,#2177,#2178,#2179));
#467=EDGE_LOOP('',(#2180,#2181,#2182,#2183));
#468=EDGE_LOOP('',(#2184,#2185,#2186,#2187));
#469=EDGE_LOOP('',(#2188,#2189,#2190,#2191));
#470=EDGE_LOOP('',(#2192,#2193,#2194,#2195));
#471=EDGE_LOOP('',(#2196,#2197,#2198,#2199));
#472=EDGE_LOOP('',(#2200,#2201,#2202,#2203));
#473=EDGE_LOOP('',(#2204,#2205,#2206,#2207));
#474=EDGE_LOOP('',(#2208,#2209,#2210,#2211));
#475=EDGE_LOOP('',(#2212,#2213,#2214,#2215));
#476=EDGE_LOOP('',(#2216,#2217,#2218,#2219));
#477=EDGE_LOOP('',(#2220,#2221,#2222,#2223));
#478=EDGE_LOOP('',(#2224,#2225,#2226,#2227));
#479=EDGE_LOOP('',(#2228,#2229,#2230,#2231));
#480=EDGE_LOOP('',(#2232,#2233,#2234,#2235));
#481=EDGE_LOOP('',(#2236,#2237,#2238,#2239));
#482=EDGE_LOOP('',(#2240,#2241,#2242,#2243));
#483=EDGE_LOOP('',(#2244,#2245,#2246,#2247));
#484=EDGE_LOOP('',(#2248,#2249,#2250,#2251));
#485=EDGE_LOOP('',(#2252,#2253,#2254,#2255));
#486=EDGE_LOOP('',(#2256,#2257,#2258,#2259));
#487=EDGE_LOOP('',(#2260,#2261,#2262,#2263));
#488=EDGE_LOOP('',(#2264,#2265,#2266,#2267,#2268,#2269,#2270,#2271,#2272,
#2273,#2274,#2275,#2276,#2277,#2278,#2279,#2280,#2281,#2282,#2283,#2284,
#2285,#2286));
#489=EDGE_LOOP('',(#2287));
#490=EDGE_LOOP('',(#2288));
#491=EDGE_LOOP('',(#2289));
#492=EDGE_LOOP('',(#2290));
#493=EDGE_LOOP('',(#2291));
#494=EDGE_LOOP('',(#2292));
#495=EDGE_LOOP('',(#2293));
#496=EDGE_LOOP('',(#2294));
#497=EDGE_LOOP('',(#2295));
#498=EDGE_LOOP('',(#2296));
#499=EDGE_LOOP('',(#2297));
#500=EDGE_LOOP('',(#2298));
#501=EDGE_LOOP('',(#2299));
#502=EDGE_LOOP('',(#2300));
#503=EDGE_LOOP('',(#2301));
#504=EDGE_LOOP('',(#2302));
#505=EDGE_LOOP('',(#2303,#2304,#2305,#2306,#2307,#2308,#2309,#2310));
#506=EDGE_LOOP('',(#2311,#2312,#2313,#2314));
#507=EDGE_LOOP('',(#2315,#2316,#2317,#2318));
#508=EDGE_LOOP('',(#2319,#2320,#2321,#2322));
#509=EDGE_LOOP('',(#2323,#2324,#2325,#2326));
#510=EDGE_LOOP('',(#2327,#2328,#2329,#2330));
#511=EDGE_LOOP('',(#2331,#2332,#2333,#2334));
#512=EDGE_LOOP('',(#2335,#2336,#2337,#2338));
#513=EDGE_LOOP('',(#2339,#2340,#2341,#2342));
#514=EDGE_LOOP('',(#2343,#2344,#2345,#2346));
#515=EDGE_LOOP('',(#2347,#2348,#2349,#2350));
#516=EDGE_LOOP('',(#2351,#2352,#2353,#2354));
#517=EDGE_LOOP('',(#2355,#2356,#2357,#2358));
#518=EDGE_LOOP('',(#2359,#2360,#2361,#2362));
#519=EDGE_LOOP('',(#2363));
#520=EDGE_LOOP('',(#2364));
#521=EDGE_LOOP('',(#2365));
#522=EDGE_LOOP('',(#2366));
#523=EDGE_LOOP('',(#2367));
#524=EDGE_LOOP('',(#2368));
#525=EDGE_LOOP('',(#2369));
#526=EDGE_LOOP('',(#2370));
#527=EDGE_LOOP('',(#2371,#2372,#2373,#2374));
#528=EDGE_LOOP('',(#2375));
#529=EDGE_LOOP('',(#2376));
#530=EDGE_LOOP('',(#2377));
#531=EDGE_LOOP('',(#2378));
#532=EDGE_LOOP('',(#2379));
#533=EDGE_LOOP('',(#2380));
#534=EDGE_LOOP('',(#2381));
#535=EDGE_LOOP('',(#2382));
#536=EDGE_LOOP('',(#2383,#2384,#2385,#2386));
#537=EDGE_LOOP('',(#2387));
#538=EDGE_LOOP('',(#2388,#2389,#2390,#2391));
#539=EDGE_LOOP('',(#2392,#2393,#2394,#2395));
#540=EDGE_LOOP('',(#2396,#2397,#2398,#2399));
#541=EDGE_LOOP('',(#2400,#2401,#2402,#2403));
#542=EDGE_LOOP('',(#2404,#2405,#2406,#2407));
#543=EDGE_LOOP('',(#2408));
#544=EDGE_LOOP('',(#2409));
#545=EDGE_LOOP('',(#2410));
#546=EDGE_LOOP('',(#2411));
#547=EDGE_LOOP('',(#2412));
#548=EDGE_LOOP('',(#2413));
#549=EDGE_LOOP('',(#2414));
#550=EDGE_LOOP('',(#2415));
#551=EDGE_LOOP('',(#2416));
#552=EDGE_LOOP('',(#2417));
#553=EDGE_LOOP('',(#2418));
#554=EDGE_LOOP('',(#2419,#2420,#2421,#2422));
#555=EDGE_LOOP('',(#2423));
#556=EDGE_LOOP('',(#2424,#2425,#2426,#2427));
#557=EDGE_LOOP('',(#2428,#2429,#2430,#2431));
#558=EDGE_LOOP('',(#2432,#2433,#2434,#2435));
#559=EDGE_LOOP('',(#2436,#2437,#2438,#2439));
#560=EDGE_LOOP('',(#2440,#2441,#2442,#2443));
#561=EDGE_LOOP('',(#2444));
#562=EDGE_LOOP('',(#2445));
#563=EDGE_LOOP('',(#2446));
#564=EDGE_LOOP('',(#2447));
#565=EDGE_LOOP('',(#2448));
#566=EDGE_LOOP('',(#2449));
#567=EDGE_LOOP('',(#2450));
#568=EDGE_LOOP('',(#2451));
#569=EDGE_LOOP('',(#2452));
#570=EDGE_LOOP('',(#2453));
#571=EDGE_LOOP('',(#2454));
#572=EDGE_LOOP('',(#2455,#2456,#2457,#2458));
#573=EDGE_LOOP('',(#2459));
#574=EDGE_LOOP('',(#2460,#2461,#2462,#2463));
#575=EDGE_LOOP('',(#2464,#2465,#2466,#2467));
#576=EDGE_LOOP('',(#2468,#2469,#2470,#2471));
#577=EDGE_LOOP('',(#2472,#2473,#2474,#2475));
#578=EDGE_LOOP('',(#2476,#2477,#2478,#2479));
#579=EDGE_LOOP('',(#2480));
#580=EDGE_LOOP('',(#2481));
#581=EDGE_LOOP('',(#2482));
#582=EDGE_LOOP('',(#2483));
#583=EDGE_LOOP('',(#2484));
#584=EDGE_LOOP('',(#2485));
#585=EDGE_LOOP('',(#2486));
#586=EDGE_LOOP('',(#2487));
#587=EDGE_LOOP('',(#2488));
#588=EDGE_LOOP('',(#2489));
#589=EDGE_LOOP('',(#2490));
#590=EDGE_LOOP('',(#2491,#2492,#2493,#2494));
#591=EDGE_LOOP('',(#2495));
#592=EDGE_LOOP('',(#2496,#2497,#2498,#2499));
#593=EDGE_LOOP('',(#2500,#2501,#2502,#2503));
#594=EDGE_LOOP('',(#2504,#2505,#2506,#2507));
#595=EDGE_LOOP('',(#2508,#2509,#2510,#2511));
#596=EDGE_LOOP('',(#2512,#2513,#2514,#2515));
#597=EDGE_LOOP('',(#2516));
#598=EDGE_LOOP('',(#2517));
#599=EDGE_LOOP('',(#2518));
#600=EDGE_LOOP('',(#2519));
#601=EDGE_LOOP('',(#2520));
#602=EDGE_LOOP('',(#2521));
#603=EDGE_LOOP('',(#2522));
#604=EDGE_LOOP('',(#2523));
#605=EDGE_LOOP('',(#2524));
#606=EDGE_LOOP('',(#2525));
#607=EDGE_LOOP('',(#2526));
#608=EDGE_LOOP('',(#2527,#2528,#2529,#2530));
#609=EDGE_LOOP('',(#2531,#2532,#2533,#2534));
#610=EDGE_LOOP('',(#2535,#2536,#2537,#2538));
#611=EDGE_LOOP('',(#2539,#2540,#2541,#2542));
#612=EDGE_LOOP('',(#2543,#2544,#2545,#2546));
#613=EDGE_LOOP('',(#2547,#2548,#2549,#2550));
#614=EDGE_LOOP('',(#2551,#2552,#2553,#2554));
#615=EDGE_LOOP('',(#2555,#2556,#2557,#2558));
#616=EDGE_LOOP('',(#2559,#2560,#2561,#2562));
#617=EDGE_LOOP('',(#2563,#2564,#2565,#2566));
#618=EDGE_LOOP('',(#2567,#2568,#2569,#2570));
#619=EDGE_LOOP('',(#2571,#2572,#2573,#2574));
#620=EDGE_LOOP('',(#2575,#2576,#2577,#2578,#2579,#2580,#2581,#2582));
#621=EDGE_LOOP('',(#2583));
#622=EDGE_LOOP('',(#2584));
#623=EDGE_LOOP('',(#2585));
#624=EDGE_LOOP('',(#2586));
#625=EDGE_LOOP('',(#2587,#2588,#2589,#2590,#2591,#2592,#2593,#2594));
#626=EDGE_LOOP('',(#2595));
#627=EDGE_LOOP('',(#2596));
#628=EDGE_LOOP('',(#2597));
#629=EDGE_LOOP('',(#2598));
#630=EDGE_LOOP('',(#2599,#2600,#2601,#2602));
#631=EDGE_LOOP('',(#2603,#2604,#2605,#2606));
#632=EDGE_LOOP('',(#2607,#2608,#2609,#2610));
#633=EDGE_LOOP('',(#2611,#2612,#2613,#2614));
#634=EDGE_LOOP('',(#2615,#2616,#2617,#2618));
#635=EDGE_LOOP('',(#2619,#2620,#2621,#2622));
#636=EDGE_LOOP('',(#2623));
#637=EDGE_LOOP('',(#2624,#2625,#2626,#2627));
#638=EDGE_LOOP('',(#2628));
#639=EDGE_LOOP('',(#2629,#2630,#2631,#2632));
#640=EDGE_LOOP('',(#2633));
#641=EDGE_LOOP('',(#2634));
#642=EDGE_LOOP('',(#2635,#2636,#2637,#2638));
#643=EDGE_LOOP('',(#2639,#2640,#2641,#2642));
#644=EDGE_LOOP('',(#2643,#2644,#2645,#2646));
#645=EDGE_LOOP('',(#2647,#2648,#2649,#2650));
#646=EDGE_LOOP('',(#2651,#2652,#2653,#2654));
#647=EDGE_LOOP('',(#2655,#2656,#2657,#2658));
#648=EDGE_LOOP('',(#2659));
#649=EDGE_LOOP('',(#2660,#2661,#2662,#2663));
#650=EDGE_LOOP('',(#2664));
#651=EDGE_LOOP('',(#2665,#2666,#2667,#2668));
#652=EDGE_LOOP('',(#2669,#2670,#2671,#2672));
#653=EDGE_LOOP('',(#2673,#2674,#2675,#2676));
#654=EDGE_LOOP('',(#2677,#2678,#2679,#2680));
#655=EDGE_LOOP('',(#2681,#2682,#2683,#2684));
#656=EDGE_LOOP('',(#2685,#2686,#2687,#2688));
#657=EDGE_LOOP('',(#2689));
#658=EDGE_LOOP('',(#2690,#2691,#2692,#2693));
#659=EDGE_LOOP('',(#2694));
#660=EDGE_LOOP('',(#2695,#2696,#2697,#2698));
#661=EDGE_LOOP('',(#2699,#2700,#2701,#2702));
#662=EDGE_LOOP('',(#2703,#2704,#2705,#2706));
#663=EDGE_LOOP('',(#2707,#2708,#2709,#2710));
#664=EDGE_LOOP('',(#2711,#2712,#2713,#2714));
#665=EDGE_LOOP('',(#2715,#2716,#2717,#2718));
#666=EDGE_LOOP('',(#2719,#2720,#2721,#2722));
#667=EDGE_LOOP('',(#2723,#2724,#2725,#2726));
#668=EDGE_LOOP('',(#2727,#2728,#2729,#2730));
#669=EDGE_LOOP('',(#2731,#2732,#2733,#2734));
#670=EDGE_LOOP('',(#2735,#2736,#2737,#2738));
#671=EDGE_LOOP('',(#2739,#2740,#2741,#2742));
#672=EDGE_LOOP('',(#2743,#2744,#2745,#2746));
#673=EDGE_LOOP('',(#2747,#2748,#2749,#2750));
#674=EDGE_LOOP('',(#2751,#2752,#2753,#2754));
#675=EDGE_LOOP('',(#2755,#2756,#2757,#2758));
#676=EDGE_LOOP('',(#2759,#2760,#2761,#2762));
#677=EDGE_LOOP('',(#2763,#2764,#2765,#2766));
#678=EDGE_LOOP('',(#2767,#2768,#2769,#2770));
#679=EDGE_LOOP('',(#2771,#2772,#2773,#2774));
#680=EDGE_LOOP('',(#2775,#2776,#2777,#2778));
#681=EDGE_LOOP('',(#2779,#2780,#2781,#2782));
#682=EDGE_LOOP('',(#2783,#2784,#2785,#2786));
#683=EDGE_LOOP('',(#2787,#2788,#2789,#2790));
#684=EDGE_LOOP('',(#2791,#2792,#2793,#2794));
#685=EDGE_LOOP('',(#2795,#2796,#2797,#2798));
#686=EDGE_LOOP('',(#2799,#2800,#2801,#2802));
#687=EDGE_LOOP('',(#2803,#2804,#2805,#2806));
#688=EDGE_LOOP('',(#2807,#2808,#2809,#2810));
#689=EDGE_LOOP('',(#2811,#2812,#2813,#2814));
#690=LINE('',#4370,#925);
#691=LINE('',#4373,#926);
#692=LINE('',#4376,#927);
#693=LINE('',#4378,#928);
#694=LINE('',#4379,#929);
#695=LINE('',#4385,#930);
#696=LINE('',#4388,#931);
#697=LINE('',#4390,#932);
#698=LINE('',#4391,#933);
#699=LINE('',#4397,#934);
#700=LINE('',#4400,#935);
#701=LINE('',#4402,#936);
#702=LINE('',#4403,#937);
#703=LINE('',#4409,#938);
#704=LINE('',#4411,#939);
#705=LINE('',#4412,#940);
#706=LINE('',#4427,#941);
#707=LINE('',#4430,#942);
#708=LINE('',#4435,#943);
#709=LINE('',#4442,#944);
#710=LINE('',#4445,#945);
#711=LINE('',#4450,#946);
#712=LINE('',#4456,#947);
#713=LINE('',#4460,#948);
#714=LINE('',#4462,#949);
#715=LINE('',#4463,#950);
#716=LINE('',#4468,#951);
#717=LINE('',#4472,#952);
#718=LINE('',#4474,#953);
#719=LINE('',#4475,#954);
#720=LINE('',#4480,#955);
#721=LINE('',#4484,#956);
#722=LINE('',#4486,#957);
#723=LINE('',#4487,#958);
#724=LINE('',#4493,#959);
#725=LINE('',#4496,#960);
#726=LINE('',#4498,#961);
#727=LINE('',#4499,#962);
#728=LINE('',#4504,#963);
#729=LINE('',#4508,#964);
#730=LINE('',#4510,#965);
#731=LINE('',#4511,#966);
#732=LINE('',#4514,#967);
#733=LINE('',#4518,#968);
#734=LINE('',#4522,#969);
#735=LINE('',#4526,#970);
#736=LINE('',#4530,#971);
#737=LINE('',#4532,#972);
#738=LINE('',#4535,#973);
#739=LINE('',#4537,#974);
#740=LINE('',#4539,#975);
#741=LINE('',#4541,#976);
#742=LINE('',#4544,#977);
#743=LINE('',#4580,#978);
#744=LINE('',#4584,#979);
#745=LINE('',#4588,#980);
#746=LINE('',#4592,#981);
#747=LINE('',#4596,#982);
#748=LINE('',#4600,#983);
#749=LINE('',#4604,#984);
#750=LINE('',#4608,#985);
#751=LINE('',#4612,#986);
#752=LINE('',#4616,#987);
#753=LINE('',#4620,#988);
#754=LINE('',#4624,#989);
#755=LINE('',#4628,#990);
#756=LINE('',#4632,#991);
#757=LINE('',#4636,#992);
#758=LINE('',#4640,#993);
#759=LINE('',#4643,#994);
#760=LINE('',#4644,#995);
#761=LINE('',#4647,#996);
#762=LINE('',#4648,#997);
#763=LINE('',#4651,#998);
#764=LINE('',#4652,#999);
#765=LINE('',#4656,#1000);
#766=LINE('',#4658,#1001);
#767=LINE('',#4661,#1002);
#768=LINE('',#4662,#1003);
#769=LINE('',#4665,#1004);
#770=LINE('',#4666,#1005);
#771=LINE('',#4669,#1006);
#772=LINE('',#4670,#1007);
#773=LINE('',#4678,#1008);
#774=LINE('',#4684,#1009);
#775=LINE('',#4690,#1010);
#776=LINE('',#4696,#1011);
#777=LINE('',#4702,#1012);
#778=LINE('',#4708,#1013);
#779=LINE('',#4714,#1014);
#780=LINE('',#4720,#1015);
#781=LINE('',#4725,#1016);
#782=LINE('',#4727,#1017);
#783=LINE('',#4729,#1018);
#784=LINE('',#4730,#1019);
#785=LINE('',#4733,#1020);
#786=LINE('',#4735,#1021);
#787=LINE('',#4736,#1022);
#788=LINE('',#4739,#1023);
#789=LINE('',#4741,#1024);
#790=LINE('',#4742,#1025);
#791=LINE('',#4744,#1026);
#792=LINE('',#4745,#1027);
#793=LINE('',#4752,#1028);
#794=LINE('',#4759,#1029);
#795=LINE('',#4765,#1030);
#796=LINE('',#4771,#1031);
#797=LINE('',#4777,#1032);
#798=LINE('',#4783,#1033);
#799=LINE('',#4791,#1034);
#800=LINE('',#4798,#1035);
#801=LINE('',#4804,#1036);
#802=LINE('',#4810,#1037);
#803=LINE('',#4816,#1038);
#804=LINE('',#4822,#1039);
#805=LINE('',#4830,#1040);
#806=LINE('',#4837,#1041);
#807=LINE('',#4843,#1042);
#808=LINE('',#4849,#1043);
#809=LINE('',#4855,#1044);
#810=LINE('',#4861,#1045);
#811=LINE('',#4869,#1046);
#812=LINE('',#4876,#1047);
#813=LINE('',#4882,#1048);
#814=LINE('',#4888,#1049);
#815=LINE('',#4894,#1050);
#816=LINE('',#4900,#1051);
#817=LINE('',#4908,#1052);
#818=LINE('',#4914,#1053);
#819=LINE('',#4920,#1054);
#820=LINE('',#4926,#1055);
#821=LINE('',#4931,#1056);
#822=LINE('',#4933,#1057);
#823=LINE('',#4935,#1058);
#824=LINE('',#4936,#1059);
#825=LINE('',#4942,#1060);
#826=LINE('',#4945,#1061);
#827=LINE('',#4947,#1062);
#828=LINE('',#4948,#1063);
#829=LINE('',#4954,#1064);
#830=LINE('',#4957,#1065);
#831=LINE('',#4959,#1066);
#832=LINE('',#4960,#1067);
#833=LINE('',#4966,#1068);
#834=LINE('',#4969,#1069);
#835=LINE('',#4971,#1070);
#836=LINE('',#4972,#1071);
#837=LINE('',#4982,#1072);
#838=LINE('',#4989,#1073);
#839=LINE('',#4992,#1074);
#840=LINE('',#4995,#1075);
#841=LINE('',#4997,#1076);
#842=LINE('',#4998,#1077);
#843=LINE('',#5004,#1078);
#844=LINE('',#5006,#1079);
#845=LINE('',#5007,#1080);
#846=LINE('',#5014,#1081);
#847=LINE('',#5022,#1082);
#848=LINE('',#5029,#1083);
#849=LINE('',#5032,#1084);
#850=LINE('',#5035,#1085);
#851=LINE('',#5037,#1086);
#852=LINE('',#5038,#1087);
#853=LINE('',#5044,#1088);
#854=LINE('',#5046,#1089);
#855=LINE('',#5047,#1090);
#856=LINE('',#5054,#1091);
#857=LINE('',#5059,#1092);
#858=LINE('',#5061,#1093);
#859=LINE('',#5063,#1094);
#860=LINE('',#5064,#1095);
#861=LINE('',#5070,#1096);
#862=LINE('',#5073,#1097);
#863=LINE('',#5075,#1098);
#864=LINE('',#5076,#1099);
#865=LINE('',#5085,#1100);
#866=LINE('',#5087,#1101);
#867=LINE('',#5089,#1102);
#868=LINE('',#5090,#1103);
#869=LINE('',#5093,#1104);
#870=LINE('',#5095,#1105);
#871=LINE('',#5096,#1106);
#872=LINE('',#5099,#1107);
#873=LINE('',#5101,#1108);
#874=LINE('',#5102,#1109);
#875=LINE('',#5104,#1110);
#876=LINE('',#5105,#1111);
#877=LINE('',#5111,#1112);
#878=LINE('',#5113,#1113);
#879=LINE('',#5115,#1114);
#880=LINE('',#5116,#1115);
#881=LINE('',#5119,#1116);
#882=LINE('',#5121,#1117);
#883=LINE('',#5122,#1118);
#884=LINE('',#5125,#1119);
#885=LINE('',#5127,#1120);
#886=LINE('',#5128,#1121);
#887=LINE('',#5130,#1122);
#888=LINE('',#5131,#1123);
#889=LINE('',#5137,#1124);
#890=LINE('',#5139,#1125);
#891=LINE('',#5141,#1126);
#892=LINE('',#5142,#1127);
#893=LINE('',#5145,#1128);
#894=LINE('',#5147,#1129);
#895=LINE('',#5148,#1130);
#896=LINE('',#5151,#1131);
#897=LINE('',#5153,#1132);
#898=LINE('',#5154,#1133);
#899=LINE('',#5156,#1134);
#900=LINE('',#5157,#1135);
#901=LINE('',#5163,#1136);
#902=LINE('',#5165,#1137);
#903=LINE('',#5167,#1138);
#904=LINE('',#5168,#1139);
#905=LINE('',#5171,#1140);
#906=LINE('',#5173,#1141);
#907=LINE('',#5174,#1142);
#908=LINE('',#5177,#1143);
#909=LINE('',#5179,#1144);
#910=LINE('',#5180,#1145);
#911=LINE('',#5182,#1146);
#912=LINE('',#5183,#1147);
#913=LINE('',#5189,#1148);
#914=LINE('',#5191,#1149);
#915=LINE('',#5193,#1150);
#916=LINE('',#5194,#1151);
#917=LINE('',#5197,#1152);
#918=LINE('',#5199,#1153);
#919=LINE('',#5200,#1154);
#920=LINE('',#5203,#1155);
#921=LINE('',#5205,#1156);
#922=LINE('',#5206,#1157);
#923=LINE('',#5208,#1158);
#924=LINE('',#5209,#1159);
#925=VECTOR('',#3449,10.);
#926=VECTOR('',#3452,10.);
#927=VECTOR('',#3455,10.);
#928=VECTOR('',#3456,10.);
#929=VECTOR('',#3457,10.);
#930=VECTOR('',#3464,10.);
#931=VECTOR('',#3467,10.);
#932=VECTOR('',#3468,10.);
#933=VECTOR('',#3469,10.);
#934=VECTOR('',#3474,10.);
#935=VECTOR('',#3477,10.);
#936=VECTOR('',#3480,10.);
#937=VECTOR('',#3481,10.);
#938=VECTOR('',#3488,10.);
#939=VECTOR('',#3491,10.);
#940=VECTOR('',#3492,10.);
#941=VECTOR('',#3507,10.);
#942=VECTOR('',#3510,10.);
#943=VECTOR('',#3515,10.);
#944=VECTOR('',#3522,10.);
#945=VECTOR('',#3525,10.);
#946=VECTOR('',#3530,10.);
#947=VECTOR('',#3537,10.);
#948=VECTOR('',#3542,10.);
#949=VECTOR('',#3543,10.);
#950=VECTOR('',#3544,10.);
#951=VECTOR('',#3549,10.);
#952=VECTOR('',#3554,10.);
#953=VECTOR('',#3555,10.);
#954=VECTOR('',#3556,10.);
#955=VECTOR('',#3561,10.);
#956=VECTOR('',#3566,10.);
#957=VECTOR('',#3567,10.);
#958=VECTOR('',#3568,10.);
#959=VECTOR('',#3573,10.);
#960=VECTOR('',#3576,10.);
#961=VECTOR('',#3579,10.);
#962=VECTOR('',#3580,10.);
#963=VECTOR('',#3585,10.);
#964=VECTOR('',#3590,10.);
#965=VECTOR('',#3591,10.);
#966=VECTOR('',#3592,10.);
#967=VECTOR('',#3595,2.);
#968=VECTOR('',#3600,2.);
#969=VECTOR('',#3605,2.);
#970=VECTOR('',#3610,2.);
#971=VECTOR('',#3615,10.);
#972=VECTOR('',#3616,10.);
#973=VECTOR('',#3619,10.);
#974=VECTOR('',#3620,10.);
#975=VECTOR('',#3621,10.);
#976=VECTOR('',#3622,10.);
#977=VECTOR('',#3625,10.);
#978=VECTOR('',#3662,1.99999999999999);
#979=VECTOR('',#3667,2.00000000000001);
#980=VECTOR('',#3672,2.);
#981=VECTOR('',#3677,1.99999999999999);
#982=VECTOR('',#3682,1.99999999999999);
#983=VECTOR('',#3687,2.00000000000001);
#984=VECTOR('',#3692,2.00000000000001);
#985=VECTOR('',#3697,1.99999999999999);
#986=VECTOR('',#3702,2.);
#987=VECTOR('',#3707,1.99999999999999);
#988=VECTOR('',#3712,2.);
#989=VECTOR('',#3717,1.99999999999999);
#990=VECTOR('',#3722,1.99999999999999);
#991=VECTOR('',#3727,1.99999999999999);
#992=VECTOR('',#3732,1.99999999999999);
#993=VECTOR('',#3737,1.99999999999999);
#994=VECTOR('',#3740,10.);
#995=VECTOR('',#3741,10.);
#996=VECTOR('',#3744,10.);
#997=VECTOR('',#3745,10.);
#998=VECTOR('',#3748,10.);
#999=VECTOR('',#3749,10.);
#1000=VECTOR('',#3754,10.);
#1001=VECTOR('',#3757,10.);
#1002=VECTOR('',#3760,10.);
#1003=VECTOR('',#3761,10.);
#1004=VECTOR('',#3764,10.);
#1005=VECTOR('',#3765,10.);
#1006=VECTOR('',#3768,10.);
#1007=VECTOR('',#3769,10.);
#1008=VECTOR('',#3780,1.6);
#1009=VECTOR('',#3787,1.99999999999999);
#1010=VECTOR('',#3794,1.6);
#1011=VECTOR('',#3801,1.99999999999999);
#1012=VECTOR('',#3808,1.99999999999999);
#1013=VECTOR('',#3815,1.6);
#1014=VECTOR('',#3822,1.6);
#1015=VECTOR('',#3829,1.99999999999999);
#1016=VECTOR('',#3834,10.);
#1017=VECTOR('',#3835,10.);
#1018=VECTOR('',#3836,10.);
#1019=VECTOR('',#3837,10.);
#1020=VECTOR('',#3840,10.);
#1021=VECTOR('',#3841,10.);
#1022=VECTOR('',#3842,10.);
#1023=VECTOR('',#3845,10.);
#1024=VECTOR('',#3846,10.);
#1025=VECTOR('',#3847,10.);
#1026=VECTOR('',#3850,10.);
#1027=VECTOR('',#3851,10.);
#1028=VECTOR('',#3860,2.49999999999999);
#1029=VECTOR('',#3869,1.99999999999999);
#1030=VECTOR('',#3876,2.);
#1031=VECTOR('',#3883,1.99999999999999);
#1032=VECTOR('',#3890,1.99999999999999);
#1033=VECTOR('',#3897,13.);
#1034=VECTOR('',#3908,2.49999999999999);
#1035=VECTOR('',#3917,1.99999999999999);
#1036=VECTOR('',#3924,1.99999999999999);
#1037=VECTOR('',#3931,2.00000000000001);
#1038=VECTOR('',#3938,2.00000000000001);
#1039=VECTOR('',#3945,13.);
#1040=VECTOR('',#3956,2.5);
#1041=VECTOR('',#3965,1.99999999999999);
#1042=VECTOR('',#3972,1.99999999999999);
#1043=VECTOR('',#3979,1.99999999999999);
#1044=VECTOR('',#3986,1.99999999999999);
#1045=VECTOR('',#3993,13.);
#1046=VECTOR('',#4004,2.5);
#1047=VECTOR('',#4013,1.99999999999999);
#1048=VECTOR('',#4020,2.00000000000001);
#1049=VECTOR('',#4027,2.);
#1050=VECTOR('',#4034,2.);
#1051=VECTOR('',#4041,13.);
#1052=VECTOR('',#4052,2.);
#1053=VECTOR('',#4059,2.);
#1054=VECTOR('',#4066,2.);
#1055=VECTOR('',#4073,2.);
#1056=VECTOR('',#4078,10.);
#1057=VECTOR('',#4079,10.);
#1058=VECTOR('',#4080,10.);
#1059=VECTOR('',#4081,10.);
#1060=VECTOR('',#4088,10.);
#1061=VECTOR('',#4091,10.);
#1062=VECTOR('',#4092,10.);
#1063=VECTOR('',#4093,10.);
#1064=VECTOR('',#4100,10.);
#1065=VECTOR('',#4103,10.);
#1066=VECTOR('',#4104,10.);
#1067=VECTOR('',#4105,10.);
#1068=VECTOR('',#4112,10.);
#1069=VECTOR('',#4115,10.);
#1070=VECTOR('',#4116,10.);
#1071=VECTOR('',#4117,10.);
#1072=VECTOR('',#4132,2.);
#1073=VECTOR('',#4139,10.);
#1074=VECTOR('',#4142,10.);
#1075=VECTOR('',#4145,10.);
#1076=VECTOR('',#4146,10.);
#1077=VECTOR('',#4147,10.);
#1078=VECTOR('',#4154,10.);
#1079=VECTOR('',#4157,10.);
#1080=VECTOR('',#4158,10.);
#1081=VECTOR('',#4167,2.);
#1082=VECTOR('',#4178,2.);
#1083=VECTOR('',#4185,10.);
#1084=VECTOR('',#4188,10.);
#1085=VECTOR('',#4191,10.);
#1086=VECTOR('',#4192,10.);
#1087=VECTOR('',#4193,10.);
#1088=VECTOR('',#4200,10.);
#1089=VECTOR('',#4203,10.);
#1090=VECTOR('',#4204,10.);
#1091=VECTOR('',#4213,2.);
#1092=VECTOR('',#4218,10.);
#1093=VECTOR('',#4219,10.);
#1094=VECTOR('',#4220,10.);
#1095=VECTOR('',#4221,10.);
#1096=VECTOR('',#4228,10.);
#1097=VECTOR('',#4231,10.);
#1098=VECTOR('',#4232,10.);
#1099=VECTOR('',#4233,10.);
#1100=VECTOR('',#4246,10.);
#1101=VECTOR('',#4247,10.);
#1102=VECTOR('',#4248,10.);
#1103=VECTOR('',#4249,10.);
#1104=VECTOR('',#4252,10.);
#1105=VECTOR('',#4253,10.);
#1106=VECTOR('',#4254,10.);
#1107=VECTOR('',#4257,10.);
#1108=VECTOR('',#4258,10.);
#1109=VECTOR('',#4259,10.);
#1110=VECTOR('',#4262,10.);
#1111=VECTOR('',#4263,10.);
#1112=VECTOR('',#4270,10.);
#1113=VECTOR('',#4271,10.);
#1114=VECTOR('',#4272,10.);
#1115=VECTOR('',#4273,10.);
#1116=VECTOR('',#4276,10.);
#1117=VECTOR('',#4277,10.);
#1118=VECTOR('',#4278,10.);
#1119=VECTOR('',#4281,10.);
#1120=VECTOR('',#4282,10.);
#1121=VECTOR('',#4283,10.);
#1122=VECTOR('',#4286,10.);
#1123=VECTOR('',#4287,10.);
#1124=VECTOR('',#4294,10.);
#1125=VECTOR('',#4295,10.);
#1126=VECTOR('',#4296,10.);
#1127=VECTOR('',#4297,10.);
#1128=VECTOR('',#4300,10.);
#1129=VECTOR('',#4301,10.);
#1130=VECTOR('',#4302,10.);
#1131=VECTOR('',#4305,10.);
#1132=VECTOR('',#4306,10.);
#1133=VECTOR('',#4307,10.);
#1134=VECTOR('',#4310,10.);
#1135=VECTOR('',#4311,10.);
#1136=VECTOR('',#4318,10.);
#1137=VECTOR('',#4319,10.);
#1138=VECTOR('',#4320,10.);
#1139=VECTOR('',#4321,10.);
#1140=VECTOR('',#4324,10.);
#1141=VECTOR('',#4325,10.);
#1142=VECTOR('',#4326,10.);
#1143=VECTOR('',#4329,10.);
#1144=VECTOR('',#4330,10.);
#1145=VECTOR('',#4331,10.);
#1146=VECTOR('',#4334,10.);
#1147=VECTOR('',#4335,10.);
#1148=VECTOR('',#4342,10.);
#1149=VECTOR('',#4343,10.);
#1150=VECTOR('',#4344,10.);
#1151=VECTOR('',#4345,10.);
#1152=VECTOR('',#4348,10.);
#1153=VECTOR('',#4349,10.);
#1154=VECTOR('',#4350,10.);
#1155=VECTOR('',#4353,10.);
#1156=VECTOR('',#4354,10.);
#1157=VECTOR('',#4355,10.);
#1158=VECTOR('',#4358,10.);
#1159=VECTOR('',#4359,10.);
#1160=CIRCLE('',#3102,2.5);
#1161=CIRCLE('',#3103,2.5);
#1162=CIRCLE('',#3106,2.5);
#1163=CIRCLE('',#3107,2.5);
#1164=CIRCLE('',#3110,2.5);
#1165=CIRCLE('',#3111,2.5);
#1166=CIRCLE('',#3114,2.5);
#1167=CIRCLE('',#3115,2.5);
#1168=CIRCLE('',#3118,2.);
#1169=CIRCLE('',#3119,2.);
#1170=CIRCLE('',#3120,2.);
#1171=CIRCLE('',#3121,2.);
#1172=CIRCLE('',#3123,6.);
#1173=CIRCLE('',#3124,6.);
#1174=CIRCLE('',#3126,16.);
#1175=CIRCLE('',#3127,16.);
#1176=CIRCLE('',#3129,6.);
#1177=CIRCLE('',#3130,6.);
#1178=CIRCLE('',#3132,16.);
#1179=CIRCLE('',#3133,16.);
#1180=CIRCLE('',#3135,6.);
#1181=CIRCLE('',#3136,6.);
#1182=CIRCLE('',#3139,6.);
#1183=CIRCLE('',#3140,6.);
#1184=CIRCLE('',#3143,6.);
#1185=CIRCLE('',#3144,6.);
#1186=CIRCLE('',#3147,6.);
#1187=CIRCLE('',#3148,6.);
#1188=CIRCLE('',#3151,6.);
#1189=CIRCLE('',#3152,6.);
#1190=CIRCLE('',#3155,2.);
#1191=CIRCLE('',#3157,2.);
#1192=CIRCLE('',#3159,2.);
#1193=CIRCLE('',#3161,2.);
#1194=CIRCLE('',#3163,16.);
#1195=CIRCLE('',#3164,16.);
#1196=CIRCLE('',#3165,1.99999999999999);
#1197=CIRCLE('',#3166,1.99999999999999);
#1198=CIRCLE('',#3167,1.99999999999999);
#1199=CIRCLE('',#3168,1.99999999999999);
#1200=CIRCLE('',#3169,1.99999999999999);
#1201=CIRCLE('',#3170,2.);
#1202=CIRCLE('',#3171,1.99999999999999);
#1203=CIRCLE('',#3172,2.);
#1204=CIRCLE('',#3173,1.99999999999999);
#1205=CIRCLE('',#3174,2.00000000000001);
#1206=CIRCLE('',#3175,2.00000000000001);
#1207=CIRCLE('',#3176,1.99999999999999);
#1208=CIRCLE('',#3177,1.99999999999999);
#1209=CIRCLE('',#3178,2.);
#1210=CIRCLE('',#3179,2.00000000000001);
#1211=CIRCLE('',#3180,1.99999999999999);
#1212=CIRCLE('',#3182,1.99999999999999);
#1213=CIRCLE('',#3184,2.00000000000001);
#1214=CIRCLE('',#3186,2.);
#1215=CIRCLE('',#3188,1.99999999999999);
#1216=CIRCLE('',#3190,1.99999999999999);
#1217=CIRCLE('',#3192,2.00000000000001);
#1218=CIRCLE('',#3194,2.00000000000001);
#1219=CIRCLE('',#3196,1.99999999999999);
#1220=CIRCLE('',#3198,2.);
#1221=CIRCLE('',#3200,1.99999999999999);
#1222=CIRCLE('',#3202,2.);
#1223=CIRCLE('',#3204,1.99999999999999);
#1224=CIRCLE('',#3206,1.99999999999999);
#1225=CIRCLE('',#3208,1.99999999999999);
#1226=CIRCLE('',#3210,1.99999999999999);
#1227=CIRCLE('',#3212,1.99999999999999);
#1228=CIRCLE('',#3217,16.);
#1229=CIRCLE('',#3223,16.);
#1230=CIRCLE('',#3226,1.6);
#1231=CIRCLE('',#3227,1.6);
#1232=CIRCLE('',#3229,1.99999999999999);
#1233=CIRCLE('',#3230,1.99999999999999);
#1234=CIRCLE('',#3232,1.6);
#1235=CIRCLE('',#3233,1.6);
#1236=CIRCLE('',#3235,1.99999999999999);
#1237=CIRCLE('',#3236,1.99999999999999);
#1238=CIRCLE('',#3238,1.99999999999999);
#1239=CIRCLE('',#3239,1.99999999999999);
#1240=CIRCLE('',#3241,1.6);
#1241=CIRCLE('',#3242,1.6);
#1242=CIRCLE('',#3244,1.6);
#1243=CIRCLE('',#3245,1.6);
#1244=CIRCLE('',#3247,1.99999999999999);
#1245=CIRCLE('',#3248,1.99999999999999);
#1246=CIRCLE('',#3256,2.49999999999999);
#1247=CIRCLE('',#3257,2.49999999999999);
#1248=CIRCLE('',#3260,1.99999999999999);
#1249=CIRCLE('',#3261,1.99999999999999);
#1250=CIRCLE('',#3263,2.);
#1251=CIRCLE('',#3264,2.);
#1252=CIRCLE('',#3266,1.99999999999999);
#1253=CIRCLE('',#3267,1.99999999999999);
#1254=CIRCLE('',#3269,1.99999999999999);
#1255=CIRCLE('',#3270,1.99999999999999);
#1256=CIRCLE('',#3272,13.);
#1257=CIRCLE('',#3273,13.);
#1258=CIRCLE('',#3277,2.49999999999999);
#1259=CIRCLE('',#3278,2.49999999999999);
#1260=CIRCLE('',#3281,1.99999999999999);
#1261=CIRCLE('',#3282,1.99999999999999);
#1262=CIRCLE('',#3284,1.99999999999999);
#1263=CIRCLE('',#3285,1.99999999999999);
#1264=CIRCLE('',#3287,2.00000000000001);
#1265=CIRCLE('',#3288,2.00000000000001);
#1266=CIRCLE('',#3290,2.00000000000001);
#1267=CIRCLE('',#3291,2.00000000000001);
#1268=CIRCLE('',#3293,13.);
#1269=CIRCLE('',#3294,13.);
#1270=CIRCLE('',#3298,2.5);
#1271=CIRCLE('',#3299,2.5);
#1272=CIRCLE('',#3302,1.99999999999999);
#1273=CIRCLE('',#3303,1.99999999999999);
#1274=CIRCLE('',#3305,1.99999999999999);
#1275=CIRCLE('',#3306,1.99999999999999);
#1276=CIRCLE('',#3308,1.99999999999999);
#1277=CIRCLE('',#3309,1.99999999999999);
#1278=CIRCLE('',#3311,1.99999999999999);
#1279=CIRCLE('',#3312,1.99999999999999);
#1280=CIRCLE('',#3314,13.);
#1281=CIRCLE('',#3315,13.);
#1282=CIRCLE('',#3319,2.5);
#1283=CIRCLE('',#3320,2.5);
#1284=CIRCLE('',#3323,1.99999999999999);
#1285=CIRCLE('',#3324,1.99999999999999);
#1286=CIRCLE('',#3326,2.00000000000001);
#1287=CIRCLE('',#3327,2.00000000000001);
#1288=CIRCLE('',#3329,2.);
#1289=CIRCLE('',#3330,2.);
#1290=CIRCLE('',#3332,2.);
#1291=CIRCLE('',#3333,2.);
#1292=CIRCLE('',#3335,13.);
#1293=CIRCLE('',#3336,13.);
#1294=CIRCLE('',#3340,2.);
#1295=CIRCLE('',#3341,2.);
#1296=CIRCLE('',#3343,2.);
#1297=CIRCLE('',#3344,2.);
#1298=CIRCLE('',#3346,2.);
#1299=CIRCLE('',#3347,2.);
#1300=CIRCLE('',#3349,2.);
#1301=CIRCLE('',#3350,2.);
#1302=CIRCLE('',#3353,2.5);
#1303=CIRCLE('',#3354,2.5);
#1304=CIRCLE('',#3357,2.5);
#1305=CIRCLE('',#3358,2.5);
#1306=CIRCLE('',#3361,2.5);
#1307=CIRCLE('',#3362,2.5);
#1308=CIRCLE('',#3365,2.5);
#1309=CIRCLE('',#3366,2.5);
#1310=CIRCLE('',#3370,2.);
#1311=CIRCLE('',#3371,2.);
#1312=CIRCLE('',#3373,3.);
#1313=CIRCLE('',#3374,3.);
#1314=CIRCLE('',#3377,3.);
#1315=CIRCLE('',#3378,3.);
#1316=CIRCLE('',#3383,2.);
#1317=CIRCLE('',#3384,2.);
#1318=CIRCLE('',#3388,2.);
#1319=CIRCLE('',#3389,2.);
#1320=CIRCLE('',#3391,3.);
#1321=CIRCLE('',#3392,3.);
#1322=CIRCLE('',#3395,3.);
#1323=CIRCLE('',#3396,3.);
#1324=CIRCLE('',#3401,2.);
#1325=CIRCLE('',#3402,2.);
#1326=CIRCLE('',#3405,3.);
#1327=CIRCLE('',#3406,3.);
#1328=CIRCLE('',#3409,3.);
#1329=CIRCLE('',#3410,3.);
#1330=VERTEX_POINT('',#4366);
#1331=VERTEX_POINT('',#4367);
#1332=VERTEX_POINT('',#4369);
#1333=VERTEX_POINT('',#4371);
#1334=VERTEX_POINT('',#4375);
#1335=VERTEX_POINT('',#4377);
#1336=VERTEX_POINT('',#4381);
#1337=VERTEX_POINT('',#4383);
#1338=VERTEX_POINT('',#4387);
#1339=VERTEX_POINT('',#4389);
#1340=VERTEX_POINT('',#4393);
#1341=VERTEX_POINT('',#4394);
#1342=VERTEX_POINT('',#4396);
#1343=VERTEX_POINT('',#4398);
#1344=VERTEX_POINT('',#4405);
#1345=VERTEX_POINT('',#4407);
#1346=VERTEX_POINT('',#4414);
#1347=VERTEX_POINT('',#4416);
#1348=VERTEX_POINT('',#4418);
#1349=VERTEX_POINT('',#4420);
#1350=VERTEX_POINT('',#4423);
#1351=VERTEX_POINT('',#4424);
#1352=VERTEX_POINT('',#4426);
#1353=VERTEX_POINT('',#4428);
#1354=VERTEX_POINT('',#4432);
#1355=VERTEX_POINT('',#4434);
#1356=VERTEX_POINT('',#4438);
#1357=VERTEX_POINT('',#4439);
#1358=VERTEX_POINT('',#4441);
#1359=VERTEX_POINT('',#4443);
#1360=VERTEX_POINT('',#4447);
#1361=VERTEX_POINT('',#4449);
#1362=VERTEX_POINT('',#4453);
#1363=VERTEX_POINT('',#4455);
#1364=VERTEX_POINT('',#4459);
#1365=VERTEX_POINT('',#4461);
#1366=VERTEX_POINT('',#4465);
#1367=VERTEX_POINT('',#4467);
#1368=VERTEX_POINT('',#4471);
#1369=VERTEX_POINT('',#4473);
#1370=VERTEX_POINT('',#4477);
#1371=VERTEX_POINT('',#4479);
#1372=VERTEX_POINT('',#4483);
#1373=VERTEX_POINT('',#4485);
#1374=VERTEX_POINT('',#4489);
#1375=VERTEX_POINT('',#4490);
#1376=VERTEX_POINT('',#4492);
#1377=VERTEX_POINT('',#4494);
#1378=VERTEX_POINT('',#4501);
#1379=VERTEX_POINT('',#4503);
#1380=VERTEX_POINT('',#4507);
#1381=VERTEX_POINT('',#4509);
#1382=VERTEX_POINT('',#4513);
#1383=VERTEX_POINT('',#4517);
#1384=VERTEX_POINT('',#4521);
#1385=VERTEX_POINT('',#4525);
#1386=VERTEX_POINT('',#4529);
#1387=VERTEX_POINT('',#4531);
#1388=VERTEX_POINT('',#4533);
#1389=VERTEX_POINT('',#4536);
#1390=VERTEX_POINT('',#4538);
#1391=VERTEX_POINT('',#4540);
#1392=VERTEX_POINT('',#4542);
#1393=VERTEX_POINT('',#4545);
#1394=VERTEX_POINT('',#4547);
#1395=VERTEX_POINT('',#4549);
#1396=VERTEX_POINT('',#4551);
#1397=VERTEX_POINT('',#4553);
#1398=VERTEX_POINT('',#4555);
#1399=VERTEX_POINT('',#4557);
#1400=VERTEX_POINT('',#4559);
#1401=VERTEX_POINT('',#4561);
#1402=VERTEX_POINT('',#4563);
#1403=VERTEX_POINT('',#4565);
#1404=VERTEX_POINT('',#4567);
#1405=VERTEX_POINT('',#4569);
#1406=VERTEX_POINT('',#4571);
#1407=VERTEX_POINT('',#4573);
#1408=VERTEX_POINT('',#4575);
#1409=VERTEX_POINT('',#4578);
#1410=VERTEX_POINT('',#4582);
#1411=VERTEX_POINT('',#4586);
#1412=VERTEX_POINT('',#4590);
#1413=VERTEX_POINT('',#4594);
#1414=VERTEX_POINT('',#4598);
#1415=VERTEX_POINT('',#4602);
#1416=VERTEX_POINT('',#4606);
#1417=VERTEX_POINT('',#4610);
#1418=VERTEX_POINT('',#4614);
#1419=VERTEX_POINT('',#4618);
#1420=VERTEX_POINT('',#4622);
#1421=VERTEX_POINT('',#4626);
#1422=VERTEX_POINT('',#4630);
#1423=VERTEX_POINT('',#4634);
#1424=VERTEX_POINT('',#4638);
#1425=VERTEX_POINT('',#4642);
#1426=VERTEX_POINT('',#4646);
#1427=VERTEX_POINT('',#4650);
#1428=VERTEX_POINT('',#4654);
#1429=VERTEX_POINT('',#4660);
#1430=VERTEX_POINT('',#4664);
#1431=VERTEX_POINT('',#4668);
#1432=VERTEX_POINT('',#4675);
#1433=VERTEX_POINT('',#4677);
#1434=VERTEX_POINT('',#4681);
#1435=VERTEX_POINT('',#4683);
#1436=VERTEX_POINT('',#4687);
#1437=VERTEX_POINT('',#4689);
#1438=VERTEX_POINT('',#4693);
#1439=VERTEX_POINT('',#4695);
#1440=VERTEX_POINT('',#4699);
#1441=VERTEX_POINT('',#4701);
#1442=VERTEX_POINT('',#4705);
#1443=VERTEX_POINT('',#4707);
#1444=VERTEX_POINT('',#4711);
#1445=VERTEX_POINT('',#4713);
#1446=VERTEX_POINT('',#4717);
#1447=VERTEX_POINT('',#4719);
#1448=VERTEX_POINT('',#4723);
#1449=VERTEX_POINT('',#4724);
#1450=VERTEX_POINT('',#4726);
#1451=VERTEX_POINT('',#4728);
#1452=VERTEX_POINT('',#4732);
#1453=VERTEX_POINT('',#4734);
#1454=VERTEX_POINT('',#4738);
#1455=VERTEX_POINT('',#4740);
#1456=VERTEX_POINT('',#4749);
#1457=VERTEX_POINT('',#4751);
#1458=VERTEX_POINT('',#4756);
#1459=VERTEX_POINT('',#4758);
#1460=VERTEX_POINT('',#4762);
#1461=VERTEX_POINT('',#4764);
#1462=VERTEX_POINT('',#4768);
#1463=VERTEX_POINT('',#4770);
#1464=VERTEX_POINT('',#4774);
#1465=VERTEX_POINT('',#4776);
#1466=VERTEX_POINT('',#4780);
#1467=VERTEX_POINT('',#4782);
#1468=VERTEX_POINT('',#4788);
#1469=VERTEX_POINT('',#4790);
#1470=VERTEX_POINT('',#4795);
#1471=VERTEX_POINT('',#4797);
#1472=VERTEX_POINT('',#4801);
#1473=VERTEX_POINT('',#4803);
#1474=VERTEX_POINT('',#4807);
#1475=VERTEX_POINT('',#4809);
#1476=VERTEX_POINT('',#4813);
#1477=VERTEX_POINT('',#4815);
#1478=VERTEX_POINT('',#4819);
#1479=VERTEX_POINT('',#4821);
#1480=VERTEX_POINT('',#4827);
#1481=VERTEX_POINT('',#4829);
#1482=VERTEX_POINT('',#4834);
#1483=VERTEX_POINT('',#4836);
#1484=VERTEX_POINT('',#4840);
#1485=VERTEX_POINT('',#4842);
#1486=VERTEX_POINT('',#4846);
#1487=VERTEX_POINT('',#4848);
#1488=VERTEX_POINT('',#4852);
#1489=VERTEX_POINT('',#4854);
#1490=VERTEX_POINT('',#4858);
#1491=VERTEX_POINT('',#4860);
#1492=VERTEX_POINT('',#4866);
#1493=VERTEX_POINT('',#4868);
#1494=VERTEX_POINT('',#4873);
#1495=VERTEX_POINT('',#4875);
#1496=VERTEX_POINT('',#4879);
#1497=VERTEX_POINT('',#4881);
#1498=VERTEX_POINT('',#4885);
#1499=VERTEX_POINT('',#4887);
#1500=VERTEX_POINT('',#4891);
#1501=VERTEX_POINT('',#4893);
#1502=VERTEX_POINT('',#4897);
#1503=VERTEX_POINT('',#4899);
#1504=VERTEX_POINT('',#4905);
#1505=VERTEX_POINT('',#4907);
#1506=VERTEX_POINT('',#4911);
#1507=VERTEX_POINT('',#4913);
#1508=VERTEX_POINT('',#4917);
#1509=VERTEX_POINT('',#4919);
#1510=VERTEX_POINT('',#4923);
#1511=VERTEX_POINT('',#4925);
#1512=VERTEX_POINT('',#4929);
#1513=VERTEX_POINT('',#4930);
#1514=VERTEX_POINT('',#4932);
#1515=VERTEX_POINT('',#4934);
#1516=VERTEX_POINT('',#4938);
#1517=VERTEX_POINT('',#4940);
#1518=VERTEX_POINT('',#4944);
#1519=VERTEX_POINT('',#4946);
#1520=VERTEX_POINT('',#4950);
#1521=VERTEX_POINT('',#4952);
#1522=VERTEX_POINT('',#4956);
#1523=VERTEX_POINT('',#4958);
#1524=VERTEX_POINT('',#4962);
#1525=VERTEX_POINT('',#4964);
#1526=VERTEX_POINT('',#4968);
#1527=VERTEX_POINT('',#4970);
#1528=VERTEX_POINT('',#4979);
#1529=VERTEX_POINT('',#4981);
#1530=VERTEX_POINT('',#4985);
#1531=VERTEX_POINT('',#4986);
#1532=VERTEX_POINT('',#4988);
#1533=VERTEX_POINT('',#4990);
#1534=VERTEX_POINT('',#4994);
#1535=VERTEX_POINT('',#4996);
#1536=VERTEX_POINT('',#5000);
#1537=VERTEX_POINT('',#5002);
#1538=VERTEX_POINT('',#5011);
#1539=VERTEX_POINT('',#5013);
#1540=VERTEX_POINT('',#5019);
#1541=VERTEX_POINT('',#5021);
#1542=VERTEX_POINT('',#5025);
#1543=VERTEX_POINT('',#5026);
#1544=VERTEX_POINT('',#5028);
#1545=VERTEX_POINT('',#5030);
#1546=VERTEX_POINT('',#5034);
#1547=VERTEX_POINT('',#5036);
#1548=VERTEX_POINT('',#5040);
#1549=VERTEX_POINT('',#5042);
#1550=VERTEX_POINT('',#5051);
#1551=VERTEX_POINT('',#5053);
#1552=VERTEX_POINT('',#5057);
#1553=VERTEX_POINT('',#5058);
#1554=VERTEX_POINT('',#5060);
#1555=VERTEX_POINT('',#5062);
#1556=VERTEX_POINT('',#5066);
#1557=VERTEX_POINT('',#5068);
#1558=VERTEX_POINT('',#5072);
#1559=VERTEX_POINT('',#5074);
#1560=VERTEX_POINT('',#5083);
#1561=VERTEX_POINT('',#5084);
#1562=VERTEX_POINT('',#5086);
#1563=VERTEX_POINT('',#5088);
#1564=VERTEX_POINT('',#5092);
#1565=VERTEX_POINT('',#5094);
#1566=VERTEX_POINT('',#5098);
#1567=VERTEX_POINT('',#5100);
#1568=VERTEX_POINT('',#5109);
#1569=VERTEX_POINT('',#5110);
#1570=VERTEX_POINT('',#5112);
#1571=VERTEX_POINT('',#5114);
#1572=VERTEX_POINT('',#5118);
#1573=VERTEX_POINT('',#5120);
#1574=VERTEX_POINT('',#5124);
#1575=VERTEX_POINT('',#5126);
#1576=VERTEX_POINT('',#5135);
#1577=VERTEX_POINT('',#5136);
#1578=VERTEX_POINT('',#5138);
#1579=VERTEX_POINT('',#5140);
#1580=VERTEX_POINT('',#5144);
#1581=VERTEX_POINT('',#5146);
#1582=VERTEX_POINT('',#5150);
#1583=VERTEX_POINT('',#5152);
#1584=VERTEX_POINT('',#5161);
#1585=VERTEX_POINT('',#5162);
#1586=VERTEX_POINT('',#5164);
#1587=VERTEX_POINT('',#5166);
#1588=VERTEX_POINT('',#5170);
#1589=VERTEX_POINT('',#5172);
#1590=VERTEX_POINT('',#5176);
#1591=VERTEX_POINT('',#5178);
#1592=VERTEX_POINT('',#5187);
#1593=VERTEX_POINT('',#5188);
#1594=VERTEX_POINT('',#5190);
#1595=VERTEX_POINT('',#5192);
#1596=VERTEX_POINT('',#5196);
#1597=VERTEX_POINT('',#5198);
#1598=VERTEX_POINT('',#5202);
#1599=VERTEX_POINT('',#5204);
#1600=EDGE_CURVE('',#1330,#1331,#1160,.T.);
#1601=EDGE_CURVE('',#1330,#1332,#690,.T.);
#1602=EDGE_CURVE('',#1332,#1333,#1161,.T.);
#1603=EDGE_CURVE('',#1333,#1331,#691,.T.);
#1604=EDGE_CURVE('',#1334,#1333,#692,.T.);
#1605=EDGE_CURVE('',#1335,#1334,#693,.T.);
#1606=EDGE_CURVE('',#1335,#1331,#694,.T.);
#1607=EDGE_CURVE('',#1335,#1336,#1162,.T.);
#1608=EDGE_CURVE('',#1334,#1337,#1163,.T.);
#1609=EDGE_CURVE('',#1337,#1336,#695,.T.);
#1610=EDGE_CURVE('',#1338,#1337,#696,.T.);
#1611=EDGE_CURVE('',#1339,#1338,#697,.T.);
#1612=EDGE_CURVE('',#1339,#1336,#698,.T.);
#1613=EDGE_CURVE('',#1340,#1341,#1164,.T.);
#1614=EDGE_CURVE('',#1340,#1342,#699,.T.);
#1615=EDGE_CURVE('',#1342,#1343,#1165,.T.);
#1616=EDGE_CURVE('',#1343,#1341,#700,.T.);
#1617=EDGE_CURVE('',#1330,#1341,#701,.T.);
#1618=EDGE_CURVE('',#1332,#1343,#702,.T.);
#1619=EDGE_CURVE('',#1339,#1344,#1166,.T.);
#1620=EDGE_CURVE('',#1338,#1345,#1167,.T.);
#1621=EDGE_CURVE('',#1345,#1344,#703,.T.);
#1622=EDGE_CURVE('',#1340,#1344,#704,.T.);
#1623=EDGE_CURVE('',#1342,#1345,#705,.T.);
#1624=EDGE_CURVE('',#1346,#1346,#1168,.T.);
#1625=EDGE_CURVE('',#1347,#1347,#1169,.T.);
#1626=EDGE_CURVE('',#1348,#1348,#1170,.T.);
#1627=EDGE_CURVE('',#1349,#1349,#1171,.T.);
#1628=EDGE_CURVE('',#1350,#1351,#1172,.T.);
#1629=EDGE_CURVE('',#1351,#1352,#706,.T.);
#1630=EDGE_CURVE('',#1352,#1353,#1173,.T.);
#1631=EDGE_CURVE('',#1353,#1350,#707,.T.);
#1632=EDGE_CURVE('',#1351,#1354,#1174,.T.);
#1633=EDGE_CURVE('',#1355,#1354,#708,.T.);
#1634=EDGE_CURVE('',#1352,#1355,#1175,.T.);
#1635=EDGE_CURVE('',#1356,#1357,#1176,.T.);
#1636=EDGE_CURVE('',#1357,#1358,#709,.T.);
#1637=EDGE_CURVE('',#1358,#1359,#1177,.T.);
#1638=EDGE_CURVE('',#1359,#1356,#710,.T.);
#1639=EDGE_CURVE('',#1357,#1360,#1178,.T.);
#1640=EDGE_CURVE('',#1361,#1360,#711,.T.);
#1641=EDGE_CURVE('',#1358,#1361,#1179,.T.);
#1642=EDGE_CURVE('',#1360,#1362,#1180,.T.);
#1643=EDGE_CURVE('',#1362,#1363,#712,.T.);
#1644=EDGE_CURVE('',#1363,#1361,#1181,.T.);
#1645=EDGE_CURVE('',#1364,#1362,#713,.T.);
#1646=EDGE_CURVE('',#1365,#1364,#714,.T.);
#1647=EDGE_CURVE('',#1363,#1365,#715,.T.);
#1648=EDGE_CURVE('',#1354,#1366,#1182,.T.);
#1649=EDGE_CURVE('',#1366,#1367,#716,.T.);
#1650=EDGE_CURVE('',#1367,#1355,#1183,.T.);
#1651=EDGE_CURVE('',#1366,#1368,#717,.T.);
#1652=EDGE_CURVE('',#1369,#1368,#718,.T.);
#1653=EDGE_CURVE('',#1367,#1369,#719,.T.);
#1654=EDGE_CURVE('',#1364,#1370,#1184,.T.);
#1655=EDGE_CURVE('',#1370,#1371,#720,.T.);
#1656=EDGE_CURVE('',#1371,#1365,#1185,.T.);
#1657=EDGE_CURVE('',#1372,#1370,#721,.T.);
#1658=EDGE_CURVE('',#1372,#1373,#722,.T.);
#1659=EDGE_CURVE('',#1371,#1373,#723,.T.);
#1660=EDGE_CURVE('',#1374,#1375,#1186,.T.);
#1661=EDGE_CURVE('',#1375,#1376,#724,.T.);
#1662=EDGE_CURVE('',#1376,#1377,#1187,.T.);
#1663=EDGE_CURVE('',#1377,#1374,#725,.T.);
#1664=EDGE_CURVE('',#1376,#1359,#726,.T.);
#1665=EDGE_CURVE('',#1375,#1356,#727,.T.);
#1666=EDGE_CURVE('',#1368,#1378,#1188,.T.);
#1667=EDGE_CURVE('',#1378,#1379,#728,.T.);
#1668=EDGE_CURVE('',#1379,#1369,#1189,.T.);
#1669=EDGE_CURVE('',#1380,#1378,#729,.T.);
#1670=EDGE_CURVE('',#1380,#1381,#730,.T.);
#1671=EDGE_CURVE('',#1379,#1381,#731,.T.);
#1672=EDGE_CURVE('',#1346,#1382,#732,.T.);
#1673=EDGE_CURVE('',#1382,#1382,#1190,.T.);
#1674=EDGE_CURVE('',#1348,#1383,#733,.T.);
#1675=EDGE_CURVE('',#1383,#1383,#1191,.T.);
#1676=EDGE_CURVE('',#1347,#1384,#734,.T.);
#1677=EDGE_CURVE('',#1384,#1384,#1192,.T.);
#1678=EDGE_CURVE('',#1349,#1385,#735,.T.);
#1679=EDGE_CURVE('',#1385,#1385,#1193,.T.);
#1680=EDGE_CURVE('',#1374,#1386,#736,.T.);
#1681=EDGE_CURVE('',#1387,#1386,#737,.T.);
#1682=EDGE_CURVE('',#1388,#1387,#1194,.T.);
#1683=EDGE_CURVE('',#1380,#1388,#738,.T.);
#1684=EDGE_CURVE('',#1350,#1389,#739,.T.);
#1685=EDGE_CURVE('',#1389,#1390,#740,.T.);
#1686=EDGE_CURVE('',#1391,#1390,#741,.T.);
#1687=EDGE_CURVE('',#1392,#1391,#1195,.T.);
#1688=EDGE_CURVE('',#1372,#1392,#742,.T.);
#1689=EDGE_CURVE('',#1393,#1393,#1196,.T.);
#1690=EDGE_CURVE('',#1394,#1394,#1197,.T.);
#1691=EDGE_CURVE('',#1395,#1395,#1198,.T.);
#1692=EDGE_CURVE('',#1396,#1396,#1199,.T.);
#1693=EDGE_CURVE('',#1397,#1397,#1200,.T.);
#1694=EDGE_CURVE('',#1398,#1398,#1201,.T.);
#1695=EDGE_CURVE('',#1399,#1399,#1202,.T.);
#1696=EDGE_CURVE('',#1400,#1400,#1203,.T.);
#1697=EDGE_CURVE('',#1401,#1401,#1204,.T.);
#1698=EDGE_CURVE('',#1402,#1402,#1205,.T.);
#1699=EDGE_CURVE('',#1403,#1403,#1206,.T.);
#1700=EDGE_CURVE('',#1404,#1404,#1207,.T.);
#1701=EDGE_CURVE('',#1405,#1405,#1208,.T.);
#1702=EDGE_CURVE('',#1406,#1406,#1209,.T.);
#1703=EDGE_CURVE('',#1407,#1407,#1210,.T.);
#1704=EDGE_CURVE('',#1408,#1408,#1211,.T.);
#1705=EDGE_CURVE('',#1409,#1409,#1212,.T.);
#1706=EDGE_CURVE('',#1409,#1408,#743,.T.);
#1707=EDGE_CURVE('',#1410,#1410,#1213,.T.);
#1708=EDGE_CURVE('',#1410,#1407,#744,.T.);
#1709=EDGE_CURVE('',#1411,#1411,#1214,.T.);
#1710=EDGE_CURVE('',#1411,#1406,#745,.T.);
#1711=EDGE_CURVE('',#1412,#1412,#1215,.T.);
#1712=EDGE_CURVE('',#1412,#1405,#746,.T.);
#1713=EDGE_CURVE('',#1413,#1413,#1216,.T.);
#1714=EDGE_CURVE('',#1413,#1404,#747,.T.);
#1715=EDGE_CURVE('',#1414,#1414,#1217,.T.);
#1716=EDGE_CURVE('',#1414,#1403,#748,.T.);
#1717=EDGE_CURVE('',#1415,#1415,#1218,.T.);
#1718=EDGE_CURVE('',#1415,#1402,#749,.T.);
#1719=EDGE_CURVE('',#1416,#1416,#1219,.T.);
#1720=EDGE_CURVE('',#1416,#1401,#750,.T.);
#1721=EDGE_CURVE('',#1417,#1417,#1220,.T.);
#1722=EDGE_CURVE('',#1417,#1400,#751,.T.);
#1723=EDGE_CURVE('',#1418,#1418,#1221,.T.);
#1724=EDGE_CURVE('',#1418,#1399,#752,.T.);
#1725=EDGE_CURVE('',#1419,#1419,#1222,.T.);
#1726=EDGE_CURVE('',#1419,#1398,#753,.T.);
#1727=EDGE_CURVE('',#1420,#1420,#1223,.T.);
#1728=EDGE_CURVE('',#1420,#1397,#754,.T.);
#1729=EDGE_CURVE('',#1421,#1421,#1224,.T.);
#1730=EDGE_CURVE('',#1421,#1396,#755,.T.);
#1731=EDGE_CURVE('',#1422,#1422,#1225,.T.);
#1732=EDGE_CURVE('',#1422,#1395,#756,.T.);
#1733=EDGE_CURVE('',#1423,#1423,#1226,.T.);
#1734=EDGE_CURVE('',#1423,#1394,#757,.T.);
#1735=EDGE_CURVE('',#1424,#1424,#1227,.T.);
#1736=EDGE_CURVE('',#1424,#1393,#758,.T.);
#1737=EDGE_CURVE('',#1392,#1425,#759,.T.);
#1738=EDGE_CURVE('',#1373,#1425,#760,.T.);
#1739=EDGE_CURVE('',#1426,#1377,#761,.T.);
#1740=EDGE_CURVE('',#1386,#1426,#762,.T.);
#1741=EDGE_CURVE('',#1427,#1426,#763,.T.);
#1742=EDGE_CURVE('',#1387,#1427,#764,.T.);
#1743=EDGE_CURVE('',#1428,#1427,#1228,.T.);
#1744=EDGE_CURVE('',#1388,#1428,#765,.T.);
#1745=EDGE_CURVE('',#1381,#1428,#766,.T.);
#1746=EDGE_CURVE('',#1429,#1353,#767,.T.);
#1747=EDGE_CURVE('',#1389,#1429,#768,.T.);
#1748=EDGE_CURVE('',#1430,#1429,#769,.T.);
#1749=EDGE_CURVE('',#1390,#1430,#770,.T.);
#1750=EDGE_CURVE('',#1431,#1430,#771,.T.);
#1751=EDGE_CURVE('',#1391,#1431,#772,.T.);
#1752=EDGE_CURVE('',#1425,#1431,#1229,.T.);
#1753=EDGE_CURVE('',#1432,#1432,#1230,.T.);
#1754=EDGE_CURVE('',#1432,#1433,#773,.T.);
#1755=EDGE_CURVE('',#1433,#1433,#1231,.T.);
#1756=EDGE_CURVE('',#1434,#1434,#1232,.T.);
#1757=EDGE_CURVE('',#1434,#1435,#774,.T.);
#1758=EDGE_CURVE('',#1435,#1435,#1233,.T.);
#1759=EDGE_CURVE('',#1436,#1436,#1234,.T.);
#1760=EDGE_CURVE('',#1436,#1437,#775,.T.);
#1761=EDGE_CURVE('',#1437,#1437,#1235,.T.);
#1762=EDGE_CURVE('',#1438,#1438,#1236,.T.);
#1763=EDGE_CURVE('',#1438,#1439,#776,.T.);
#1764=EDGE_CURVE('',#1439,#1439,#1237,.T.);
#1765=EDGE_CURVE('',#1440,#1440,#1238,.T.);
#1766=EDGE_CURVE('',#1440,#1441,#777,.T.);
#1767=EDGE_CURVE('',#1441,#1441,#1239,.T.);
#1768=EDGE_CURVE('',#1442,#1442,#1240,.T.);
#1769=EDGE_CURVE('',#1442,#1443,#778,.T.);
#1770=EDGE_CURVE('',#1443,#1443,#1241,.T.);
#1771=EDGE_CURVE('',#1444,#1444,#1242,.T.);
#1772=EDGE_CURVE('',#1444,#1445,#779,.T.);
#1773=EDGE_CURVE('',#1445,#1445,#1243,.T.);
#1774=EDGE_CURVE('',#1446,#1446,#1244,.T.);
#1775=EDGE_CURVE('',#1446,#1447,#780,.T.);
#1776=EDGE_CURVE('',#1447,#1447,#1245,.T.);
#1777=EDGE_CURVE('',#1448,#1449,#781,.T.);
#1778=EDGE_CURVE('',#1448,#1450,#782,.T.);
#1779=EDGE_CURVE('',#1451,#1450,#783,.T.);
#1780=EDGE_CURVE('',#1449,#1451,#784,.T.);
#1781=EDGE_CURVE('',#1449,#1452,#785,.T.);
#1782=EDGE_CURVE('',#1453,#1451,#786,.T.);
#1783=EDGE_CURVE('',#1452,#1453,#787,.T.);
#1784=EDGE_CURVE('',#1452,#1454,#788,.T.);
#1785=EDGE_CURVE('',#1455,#1453,#789,.T.);
#1786=EDGE_CURVE('',#1454,#1455,#790,.T.);
#1787=EDGE_CURVE('',#1454,#1448,#791,.T.);
#1788=EDGE_CURVE('',#1450,#1455,#792,.T.);
#1789=EDGE_CURVE('',#1456,#1456,#1246,.T.);
#1790=EDGE_CURVE('',#1456,#1457,#793,.T.);
#1791=EDGE_CURVE('',#1457,#1457,#1247,.T.);
#1792=EDGE_CURVE('',#1458,#1458,#1248,.T.);
#1793=EDGE_CURVE('',#1458,#1459,#794,.T.);
#1794=EDGE_CURVE('',#1459,#1459,#1249,.T.);
#1795=EDGE_CURVE('',#1460,#1460,#1250,.T.);
#1796=EDGE_CURVE('',#1460,#1461,#795,.T.);
#1797=EDGE_CURVE('',#1461,#1461,#1251,.T.);
#1798=EDGE_CURVE('',#1462,#1462,#1252,.T.);
#1799=EDGE_CURVE('',#1462,#1463,#796,.T.);
#1800=EDGE_CURVE('',#1463,#1463,#1253,.T.);
#1801=EDGE_CURVE('',#1464,#1464,#1254,.T.);
#1802=EDGE_CURVE('',#1464,#1465,#797,.T.);
#1803=EDGE_CURVE('',#1465,#1465,#1255,.T.);
#1804=EDGE_CURVE('',#1466,#1466,#1256,.T.);
#1805=EDGE_CURVE('',#1466,#1467,#798,.T.);
#1806=EDGE_CURVE('',#1467,#1467,#1257,.T.);
#1807=EDGE_CURVE('',#1468,#1468,#1258,.T.);
#1808=EDGE_CURVE('',#1468,#1469,#799,.T.);
#1809=EDGE_CURVE('',#1469,#1469,#1259,.T.);
#1810=EDGE_CURVE('',#1470,#1470,#1260,.T.);
#1811=EDGE_CURVE('',#1470,#1471,#800,.T.);
#1812=EDGE_CURVE('',#1471,#1471,#1261,.T.);
#1813=EDGE_CURVE('',#1472,#1472,#1262,.T.);
#1814=EDGE_CURVE('',#1472,#1473,#801,.T.);
#1815=EDGE_CURVE('',#1473,#1473,#1263,.T.);
#1816=EDGE_CURVE('',#1474,#1474,#1264,.T.);
#1817=EDGE_CURVE('',#1474,#1475,#802,.T.);
#1818=EDGE_CURVE('',#1475,#1475,#1265,.T.);
#1819=EDGE_CURVE('',#1476,#1476,#1266,.T.);
#1820=EDGE_CURVE('',#1476,#1477,#803,.T.);
#1821=EDGE_CURVE('',#1477,#1477,#1267,.T.);
#1822=EDGE_CURVE('',#1478,#1478,#1268,.T.);
#1823=EDGE_CURVE('',#1478,#1479,#804,.T.);
#1824=EDGE_CURVE('',#1479,#1479,#1269,.T.);
#1825=EDGE_CURVE('',#1480,#1480,#1270,.T.);
#1826=EDGE_CURVE('',#1480,#1481,#805,.T.);
#1827=EDGE_CURVE('',#1481,#1481,#1271,.T.);
#1828=EDGE_CURVE('',#1482,#1482,#1272,.T.);
#1829=EDGE_CURVE('',#1482,#1483,#806,.T.);
#1830=EDGE_CURVE('',#1483,#1483,#1273,.T.);
#1831=EDGE_CURVE('',#1484,#1484,#1274,.T.);
#1832=EDGE_CURVE('',#1484,#1485,#807,.T.);
#1833=EDGE_CURVE('',#1485,#1485,#1275,.T.);
#1834=EDGE_CURVE('',#1486,#1486,#1276,.T.);
#1835=EDGE_CURVE('',#1486,#1487,#808,.T.);
#1836=EDGE_CURVE('',#1487,#1487,#1277,.T.);
#1837=EDGE_CURVE('',#1488,#1488,#1278,.T.);
#1838=EDGE_CURVE('',#1488,#1489,#809,.T.);
#1839=EDGE_CURVE('',#1489,#1489,#1279,.T.);
#1840=EDGE_CURVE('',#1490,#1490,#1280,.T.);
#1841=EDGE_CURVE('',#1490,#1491,#810,.T.);
#1842=EDGE_CURVE('',#1491,#1491,#1281,.T.);
#1843=EDGE_CURVE('',#1492,#1492,#1282,.T.);
#1844=EDGE_CURVE('',#1492,#1493,#811,.T.);
#1845=EDGE_CURVE('',#1493,#1493,#1283,.T.);
#1846=EDGE_CURVE('',#1494,#1494,#1284,.T.);
#1847=EDGE_CURVE('',#1494,#1495,#812,.T.);
#1848=EDGE_CURVE('',#1495,#1495,#1285,.T.);
#1849=EDGE_CURVE('',#1496,#1496,#1286,.T.);
#1850=EDGE_CURVE('',#1496,#1497,#813,.T.);
#1851=EDGE_CURVE('',#1497,#1497,#1287,.T.);
#1852=EDGE_CURVE('',#1498,#1498,#1288,.T.);
#1853=EDGE_CURVE('',#1498,#1499,#814,.T.);
#1854=EDGE_CURVE('',#1499,#1499,#1289,.T.);
#1855=EDGE_CURVE('',#1500,#1500,#1290,.T.);
#1856=EDGE_CURVE('',#1500,#1501,#815,.T.);
#1857=EDGE_CURVE('',#1501,#1501,#1291,.T.);
#1858=EDGE_CURVE('',#1502,#1502,#1292,.T.);
#1859=EDGE_CURVE('',#1502,#1503,#816,.T.);
#1860=EDGE_CURVE('',#1503,#1503,#1293,.T.);
#1861=EDGE_CURVE('',#1504,#1504,#1294,.T.);
#1862=EDGE_CURVE('',#1504,#1505,#817,.T.);
#1863=EDGE_CURVE('',#1505,#1505,#1295,.T.);
#1864=EDGE_CURVE('',#1506,#1506,#1296,.T.);
#1865=EDGE_CURVE('',#1506,#1507,#818,.T.);
#1866=EDGE_CURVE('',#1507,#1507,#1297,.T.);
#1867=EDGE_CURVE('',#1508,#1508,#1298,.T.);
#1868=EDGE_CURVE('',#1508,#1509,#819,.T.);
#1869=EDGE_CURVE('',#1509,#1509,#1299,.T.);
#1870=EDGE_CURVE('',#1510,#1510,#1300,.T.);
#1871=EDGE_CURVE('',#1510,#1511,#820,.T.);
#1872=EDGE_CURVE('',#1511,#1511,#1301,.T.);
#1873=EDGE_CURVE('',#1512,#1513,#821,.T.);
#1874=EDGE_CURVE('',#1513,#1514,#822,.T.);
#1875=EDGE_CURVE('',#1515,#1514,#823,.T.);
#1876=EDGE_CURVE('',#1512,#1515,#824,.T.);
#1877=EDGE_CURVE('',#1516,#1512,#1302,.T.);
#1878=EDGE_CURVE('',#1517,#1515,#1303,.T.);
#1879=EDGE_CURVE('',#1516,#1517,#825,.T.);
#1880=EDGE_CURVE('',#1518,#1516,#826,.T.);
#1881=EDGE_CURVE('',#1519,#1517,#827,.T.);
#1882=EDGE_CURVE('',#1518,#1519,#828,.T.);
#1883=EDGE_CURVE('',#1520,#1518,#1304,.T.);
#1884=EDGE_CURVE('',#1521,#1519,#1305,.T.);
#1885=EDGE_CURVE('',#1520,#1521,#829,.T.);
#1886=EDGE_CURVE('',#1522,#1520,#830,.T.);
#1887=EDGE_CURVE('',#1523,#1521,#831,.T.);
#1888=EDGE_CURVE('',#1522,#1523,#832,.T.);
#1889=EDGE_CURVE('',#1524,#1522,#1306,.T.);
#1890=EDGE_CURVE('',#1525,#1523,#1307,.T.);
#1891=EDGE_CURVE('',#1524,#1525,#833,.T.);
#1892=EDGE_CURVE('',#1526,#1524,#834,.T.);
#1893=EDGE_CURVE('',#1527,#1525,#835,.T.);
#1894=EDGE_CURVE('',#1526,#1527,#836,.T.);
#1895=EDGE_CURVE('',#1513,#1526,#1308,.T.);
#1896=EDGE_CURVE('',#1514,#1527,#1309,.T.);
#1897=EDGE_CURVE('',#1528,#1528,#1310,.T.);
#1898=EDGE_CURVE('',#1528,#1529,#837,.T.);
#1899=EDGE_CURVE('',#1529,#1529,#1311,.T.);
#1900=EDGE_CURVE('',#1530,#1531,#1312,.T.);
#1901=EDGE_CURVE('',#1531,#1532,#838,.T.);
#1902=EDGE_CURVE('',#1533,#1532,#1313,.T.);
#1903=EDGE_CURVE('',#1530,#1533,#839,.T.);
#1904=EDGE_CURVE('',#1534,#1530,#840,.T.);
#1905=EDGE_CURVE('',#1535,#1533,#841,.T.);
#1906=EDGE_CURVE('',#1534,#1535,#842,.T.);
#1907=EDGE_CURVE('',#1536,#1534,#1314,.T.);
#1908=EDGE_CURVE('',#1537,#1535,#1315,.T.);
#1909=EDGE_CURVE('',#1536,#1537,#843,.T.);
#1910=EDGE_CURVE('',#1531,#1536,#844,.T.);
#1911=EDGE_CURVE('',#1532,#1537,#845,.T.);
#1912=EDGE_CURVE('',#1538,#1538,#1316,.T.);
#1913=EDGE_CURVE('',#1538,#1539,#846,.T.);
#1914=EDGE_CURVE('',#1539,#1539,#1317,.T.);
#1915=EDGE_CURVE('',#1540,#1540,#1318,.T.);
#1916=EDGE_CURVE('',#1540,#1541,#847,.T.);
#1917=EDGE_CURVE('',#1541,#1541,#1319,.T.);
#1918=EDGE_CURVE('',#1542,#1543,#1320,.T.);
#1919=EDGE_CURVE('',#1543,#1544,#848,.T.);
#1920=EDGE_CURVE('',#1545,#1544,#1321,.T.);
#1921=EDGE_CURVE('',#1542,#1545,#849,.T.);
#1922=EDGE_CURVE('',#1546,#1542,#850,.T.);
#1923=EDGE_CURVE('',#1547,#1545,#851,.T.);
#1924=EDGE_CURVE('',#1546,#1547,#852,.T.);
#1925=EDGE_CURVE('',#1548,#1546,#1322,.T.);
#1926=EDGE_CURVE('',#1549,#1547,#1323,.T.);
#1927=EDGE_CURVE('',#1548,#1549,#853,.T.);
#1928=EDGE_CURVE('',#1543,#1548,#854,.T.);
#1929=EDGE_CURVE('',#1544,#1549,#855,.T.);
#1930=EDGE_CURVE('',#1550,#1550,#1324,.T.);
#1931=EDGE_CURVE('',#1550,#1551,#856,.T.);
#1932=EDGE_CURVE('',#1551,#1551,#1325,.T.);
#1933=EDGE_CURVE('',#1552,#1553,#857,.T.);
#1934=EDGE_CURVE('',#1553,#1554,#858,.T.);
#1935=EDGE_CURVE('',#1555,#1554,#859,.T.);
#1936=EDGE_CURVE('',#1552,#1555,#860,.T.);
#1937=EDGE_CURVE('',#1556,#1552,#1326,.T.);
#1938=EDGE_CURVE('',#1557,#1555,#1327,.T.);
#1939=EDGE_CURVE('',#1556,#1557,#861,.T.);
#1940=EDGE_CURVE('',#1558,#1556,#862,.T.);
#1941=EDGE_CURVE('',#1559,#1557,#863,.T.);
#1942=EDGE_CURVE('',#1558,#1559,#864,.T.);
#1943=EDGE_CURVE('',#1553,#1558,#1328,.T.);
#1944=EDGE_CURVE('',#1554,#1559,#1329,.T.);
#1945=EDGE_CURVE('',#1560,#1561,#865,.T.);
#1946=EDGE_CURVE('',#1560,#1562,#866,.T.);
#1947=EDGE_CURVE('',#1563,#1562,#867,.T.);
#1948=EDGE_CURVE('',#1561,#1563,#868,.T.);
#1949=EDGE_CURVE('',#1561,#1564,#869,.T.);
#1950=EDGE_CURVE('',#1565,#1563,#870,.T.);
#1951=EDGE_CURVE('',#1564,#1565,#871,.T.);
#1952=EDGE_CURVE('',#1564,#1566,#872,.T.);
#1953=EDGE_CURVE('',#1567,#1565,#873,.T.);
#1954=EDGE_CURVE('',#1566,#1567,#874,.T.);
#1955=EDGE_CURVE('',#1566,#1560,#875,.T.);
#1956=EDGE_CURVE('',#1562,#1567,#876,.T.);
#1957=EDGE_CURVE('',#1568,#1569,#877,.T.);
#1958=EDGE_CURVE('',#1568,#1570,#878,.T.);
#1959=EDGE_CURVE('',#1571,#1570,#879,.T.);
#1960=EDGE_CURVE('',#1569,#1571,#880,.T.);
#1961=EDGE_CURVE('',#1569,#1572,#881,.T.);
#1962=EDGE_CURVE('',#1573,#1571,#882,.T.);
#1963=EDGE_CURVE('',#1572,#1573,#883,.T.);
#1964=EDGE_CURVE('',#1572,#1574,#884,.T.);
#1965=EDGE_CURVE('',#1575,#1573,#885,.T.);
#1966=EDGE_CURVE('',#1574,#1575,#886,.T.);
#1967=EDGE_CURVE('',#1574,#1568,#887,.T.);
#1968=EDGE_CURVE('',#1570,#1575,#888,.T.);
#1969=EDGE_CURVE('',#1576,#1577,#889,.T.);
#1970=EDGE_CURVE('',#1576,#1578,#890,.T.);
#1971=EDGE_CURVE('',#1579,#1578,#891,.T.);
#1972=EDGE_CURVE('',#1577,#1579,#892,.T.);
#1973=EDGE_CURVE('',#1577,#1580,#893,.T.);
#1974=EDGE_CURVE('',#1581,#1579,#894,.T.);
#1975=EDGE_CURVE('',#1580,#1581,#895,.T.);
#1976=EDGE_CURVE('',#1580,#1582,#896,.T.);
#1977=EDGE_CURVE('',#1583,#1581,#897,.T.);
#1978=EDGE_CURVE('',#1582,#1583,#898,.T.);
#1979=EDGE_CURVE('',#1582,#1576,#899,.T.);
#1980=EDGE_CURVE('',#1578,#1583,#900,.T.);
#1981=EDGE_CURVE('',#1584,#1585,#901,.T.);
#1982=EDGE_CURVE('',#1584,#1586,#902,.T.);
#1983=EDGE_CURVE('',#1587,#1586,#903,.T.);
#1984=EDGE_CURVE('',#1585,#1587,#904,.T.);
#1985=EDGE_CURVE('',#1585,#1588,#905,.T.);
#1986=EDGE_CURVE('',#1589,#1587,#906,.T.);
#1987=EDGE_CURVE('',#1588,#1589,#907,.T.);
#1988=EDGE_CURVE('',#1588,#1590,#908,.T.);
#1989=EDGE_CURVE('',#1591,#1589,#909,.T.);
#1990=EDGE_CURVE('',#1590,#1591,#910,.T.);
#1991=EDGE_CURVE('',#1590,#1584,#911,.T.);
#1992=EDGE_CURVE('',#1586,#1591,#912,.T.);
#1993=EDGE_CURVE('',#1592,#1593,#913,.T.);
#1994=EDGE_CURVE('',#1593,#1594,#914,.T.);
#1995=EDGE_CURVE('',#1595,#1594,#915,.T.);
#1996=EDGE_CURVE('',#1592,#1595,#916,.T.);
#1997=EDGE_CURVE('',#1596,#1592,#917,.T.);
#1998=EDGE_CURVE('',#1597,#1595,#918,.T.);
#1999=EDGE_CURVE('',#1596,#1597,#919,.T.);
#2000=EDGE_CURVE('',#1598,#1596,#920,.T.);
#2001=EDGE_CURVE('',#1599,#1597,#921,.T.);
#2002=EDGE_CURVE('',#1598,#1599,#922,.T.);
#2003=EDGE_CURVE('',#1593,#1598,#923,.T.);
#2004=EDGE_CURVE('',#1594,#1599,#924,.T.);
#2005=ORIENTED_EDGE('',*,*,#1600,.F.);
#2006=ORIENTED_EDGE('',*,*,#1601,.T.);
#2007=ORIENTED_EDGE('',*,*,#1602,.T.);
#2008=ORIENTED_EDGE('',*,*,#1603,.T.);
#2009=ORIENTED_EDGE('',*,*,#1603,.F.);
#2010=ORIENTED_EDGE('',*,*,#1604,.F.);
#2011=ORIENTED_EDGE('',*,*,#1605,.F.);
#2012=ORIENTED_EDGE('',*,*,#1606,.T.);
#2013=ORIENTED_EDGE('',*,*,#1607,.F.);
#2014=ORIENTED_EDGE('',*,*,#1605,.T.);
#2015=ORIENTED_EDGE('',*,*,#1608,.T.);
#2016=ORIENTED_EDGE('',*,*,#1609,.T.);
#2017=ORIENTED_EDGE('',*,*,#1609,.F.);
#2018=ORIENTED_EDGE('',*,*,#1610,.F.);
#2019=ORIENTED_EDGE('',*,*,#1611,.F.);
#2020=ORIENTED_EDGE('',*,*,#1612,.T.);
#2021=ORIENTED_EDGE('',*,*,#1613,.F.);
#2022=ORIENTED_EDGE('',*,*,#1614,.T.);
#2023=ORIENTED_EDGE('',*,*,#1615,.T.);
#2024=ORIENTED_EDGE('',*,*,#1616,.T.);
#2025=ORIENTED_EDGE('',*,*,#1601,.F.);
#2026=ORIENTED_EDGE('',*,*,#1617,.T.);
#2027=ORIENTED_EDGE('',*,*,#1616,.F.);
#2028=ORIENTED_EDGE('',*,*,#1618,.F.);
#2029=ORIENTED_EDGE('',*,*,#1619,.F.);
#2030=ORIENTED_EDGE('',*,*,#1611,.T.);
#2031=ORIENTED_EDGE('',*,*,#1620,.T.);
#2032=ORIENTED_EDGE('',*,*,#1621,.T.);
#2033=ORIENTED_EDGE('',*,*,#1614,.F.);
#2034=ORIENTED_EDGE('',*,*,#1622,.T.);
#2035=ORIENTED_EDGE('',*,*,#1621,.F.);
#2036=ORIENTED_EDGE('',*,*,#1623,.F.);
#2037=ORIENTED_EDGE('',*,*,#1600,.T.);
#2038=ORIENTED_EDGE('',*,*,#1606,.F.);
#2039=ORIENTED_EDGE('',*,*,#1607,.T.);
#2040=ORIENTED_EDGE('',*,*,#1612,.F.);
#2041=ORIENTED_EDGE('',*,*,#1619,.T.);
#2042=ORIENTED_EDGE('',*,*,#1622,.F.);
#2043=ORIENTED_EDGE('',*,*,#1613,.T.);
#2044=ORIENTED_EDGE('',*,*,#1617,.F.);
#2045=ORIENTED_EDGE('',*,*,#1624,.F.);
#2046=ORIENTED_EDGE('',*,*,#1625,.F.);
#2047=ORIENTED_EDGE('',*,*,#1626,.F.);
#2048=ORIENTED_EDGE('',*,*,#1627,.F.);
#2049=ORIENTED_EDGE('',*,*,#1628,.T.);
#2050=ORIENTED_EDGE('',*,*,#1629,.T.);
#2051=ORIENTED_EDGE('',*,*,#1630,.T.);
#2052=ORIENTED_EDGE('',*,*,#1631,.T.);
#2053=ORIENTED_EDGE('',*,*,#1629,.F.);
#2054=ORIENTED_EDGE('',*,*,#1632,.T.);
#2055=ORIENTED_EDGE('',*,*,#1633,.F.);
#2056=ORIENTED_EDGE('',*,*,#1634,.F.);
#2057=ORIENTED_EDGE('',*,*,#1635,.T.);
#2058=ORIENTED_EDGE('',*,*,#1636,.T.);
#2059=ORIENTED_EDGE('',*,*,#1637,.T.);
#2060=ORIENTED_EDGE('',*,*,#1638,.T.);
#2061=ORIENTED_EDGE('',*,*,#1636,.F.);
#2062=ORIENTED_EDGE('',*,*,#1639,.T.);
#2063=ORIENTED_EDGE('',*,*,#1640,.F.);
#2064=ORIENTED_EDGE('',*,*,#1641,.F.);
#2065=ORIENTED_EDGE('',*,*,#1642,.T.);
#2066=ORIENTED_EDGE('',*,*,#1643,.T.);
#2067=ORIENTED_EDGE('',*,*,#1644,.T.);
#2068=ORIENTED_EDGE('',*,*,#1640,.T.);
#2069=ORIENTED_EDGE('',*,*,#1643,.F.);
#2070=ORIENTED_EDGE('',*,*,#1645,.F.);
#2071=ORIENTED_EDGE('',*,*,#1646,.F.);
#2072=ORIENTED_EDGE('',*,*,#1647,.F.);
#2073=ORIENTED_EDGE('',*,*,#1648,.T.);
#2074=ORIENTED_EDGE('',*,*,#1649,.T.);
#2075=ORIENTED_EDGE('',*,*,#1650,.T.);
#2076=ORIENTED_EDGE('',*,*,#1633,.T.);
#2077=ORIENTED_EDGE('',*,*,#1649,.F.);
#2078=ORIENTED_EDGE('',*,*,#1651,.T.);
#2079=ORIENTED_EDGE('',*,*,#1652,.F.);
#2080=ORIENTED_EDGE('',*,*,#1653,.F.);
#2081=ORIENTED_EDGE('',*,*,#1654,.T.);
#2082=ORIENTED_EDGE('',*,*,#1655,.T.);
#2083=ORIENTED_EDGE('',*,*,#1656,.T.);
#2084=ORIENTED_EDGE('',*,*,#1646,.T.);
#2085=ORIENTED_EDGE('',*,*,#1655,.F.);
#2086=ORIENTED_EDGE('',*,*,#1657,.F.);
#2087=ORIENTED_EDGE('',*,*,#1658,.T.);
#2088=ORIENTED_EDGE('',*,*,#1659,.F.);
#2089=ORIENTED_EDGE('',*,*,#1660,.T.);
#2090=ORIENTED_EDGE('',*,*,#1661,.T.);
#2091=ORIENTED_EDGE('',*,*,#1662,.T.);
#2092=ORIENTED_EDGE('',*,*,#1663,.T.);
#2093=ORIENTED_EDGE('',*,*,#1638,.F.);
#2094=ORIENTED_EDGE('',*,*,#1664,.F.);
#2095=ORIENTED_EDGE('',*,*,#1661,.F.);
#2096=ORIENTED_EDGE('',*,*,#1665,.T.);
#2097=ORIENTED_EDGE('',*,*,#1666,.T.);
#2098=ORIENTED_EDGE('',*,*,#1667,.T.);
#2099=ORIENTED_EDGE('',*,*,#1668,.T.);
#2100=ORIENTED_EDGE('',*,*,#1652,.T.);
#2101=ORIENTED_EDGE('',*,*,#1667,.F.);
#2102=ORIENTED_EDGE('',*,*,#1669,.F.);
#2103=ORIENTED_EDGE('',*,*,#1670,.T.);
#2104=ORIENTED_EDGE('',*,*,#1671,.F.);
#2105=ORIENTED_EDGE('',*,*,#1624,.T.);
#2106=ORIENTED_EDGE('',*,*,#1672,.T.);
#2107=ORIENTED_EDGE('',*,*,#1673,.F.);
#2108=ORIENTED_EDGE('',*,*,#1672,.F.);
#2109=ORIENTED_EDGE('',*,*,#1626,.T.);
#2110=ORIENTED_EDGE('',*,*,#1674,.T.);
#2111=ORIENTED_EDGE('',*,*,#1675,.F.);
#2112=ORIENTED_EDGE('',*,*,#1674,.F.);
#2113=ORIENTED_EDGE('',*,*,#1625,.T.);
#2114=ORIENTED_EDGE('',*,*,#1676,.T.);
#2115=ORIENTED_EDGE('',*,*,#1677,.F.);
#2116=ORIENTED_EDGE('',*,*,#1676,.F.);
#2117=ORIENTED_EDGE('',*,*,#1627,.T.);
#2118=ORIENTED_EDGE('',*,*,#1678,.T.);
#2119=ORIENTED_EDGE('',*,*,#1679,.F.);
#2120=ORIENTED_EDGE('',*,*,#1678,.F.);
#2121=ORIENTED_EDGE('',*,*,#1657,.T.);
#2122=ORIENTED_EDGE('',*,*,#1654,.F.);
#2123=ORIENTED_EDGE('',*,*,#1645,.T.);
#2124=ORIENTED_EDGE('',*,*,#1642,.F.);
#2125=ORIENTED_EDGE('',*,*,#1639,.F.);
#2126=ORIENTED_EDGE('',*,*,#1635,.F.);
#2127=ORIENTED_EDGE('',*,*,#1665,.F.);
#2128=ORIENTED_EDGE('',*,*,#1660,.F.);
#2129=ORIENTED_EDGE('',*,*,#1680,.T.);
#2130=ORIENTED_EDGE('',*,*,#1681,.F.);
#2131=ORIENTED_EDGE('',*,*,#1682,.F.);
#2132=ORIENTED_EDGE('',*,*,#1683,.F.);
#2133=ORIENTED_EDGE('',*,*,#1669,.T.);
#2134=ORIENTED_EDGE('',*,*,#1666,.F.);
#2135=ORIENTED_EDGE('',*,*,#1651,.F.);
#2136=ORIENTED_EDGE('',*,*,#1648,.F.);
#2137=ORIENTED_EDGE('',*,*,#1632,.F.);
#2138=ORIENTED_EDGE('',*,*,#1628,.F.);
#2139=ORIENTED_EDGE('',*,*,#1684,.T.);
#2140=ORIENTED_EDGE('',*,*,#1685,.T.);
#2141=ORIENTED_EDGE('',*,*,#1686,.F.);
#2142=ORIENTED_EDGE('',*,*,#1687,.F.);
#2143=ORIENTED_EDGE('',*,*,#1688,.F.);
#2144=ORIENTED_EDGE('',*,*,#1689,.T.);
#2145=ORIENTED_EDGE('',*,*,#1690,.T.);
#2146=ORIENTED_EDGE('',*,*,#1691,.T.);
#2147=ORIENTED_EDGE('',*,*,#1692,.T.);
#2148=ORIENTED_EDGE('',*,*,#1693,.T.);
#2149=ORIENTED_EDGE('',*,*,#1694,.T.);
#2150=ORIENTED_EDGE('',*,*,#1695,.T.);
#2151=ORIENTED_EDGE('',*,*,#1696,.T.);
#2152=ORIENTED_EDGE('',*,*,#1697,.T.);
#2153=ORIENTED_EDGE('',*,*,#1698,.T.);
#2154=ORIENTED_EDGE('',*,*,#1699,.T.);
#2155=ORIENTED_EDGE('',*,*,#1700,.T.);
#2156=ORIENTED_EDGE('',*,*,#1701,.T.);
#2157=ORIENTED_EDGE('',*,*,#1702,.T.);
#2158=ORIENTED_EDGE('',*,*,#1703,.T.);
#2159=ORIENTED_EDGE('',*,*,#1704,.T.);
#2160=ORIENTED_EDGE('',*,*,#1679,.T.);
#2161=ORIENTED_EDGE('',*,*,#1677,.T.);
#2162=ORIENTED_EDGE('',*,*,#1675,.T.);
#2163=ORIENTED_EDGE('',*,*,#1673,.T.);
#2164=ORIENTED_EDGE('',*,*,#1705,.F.);
#2165=ORIENTED_EDGE('',*,*,#1706,.T.);
#2166=ORIENTED_EDGE('',*,*,#1704,.F.);
#2167=ORIENTED_EDGE('',*,*,#1706,.F.);
#2168=ORIENTED_EDGE('',*,*,#1707,.F.);
#2169=ORIENTED_EDGE('',*,*,#1708,.T.);
#2170=ORIENTED_EDGE('',*,*,#1703,.F.);
#2171=ORIENTED_EDGE('',*,*,#1708,.F.);
#2172=ORIENTED_EDGE('',*,*,#1709,.F.);
#2173=ORIENTED_EDGE('',*,*,#1710,.T.);
#2174=ORIENTED_EDGE('',*,*,#1702,.F.);
#2175=ORIENTED_EDGE('',*,*,#1710,.F.);
#2176=ORIENTED_EDGE('',*,*,#1711,.F.);
#2177=ORIENTED_EDGE('',*,*,#1712,.T.);
#2178=ORIENTED_EDGE('',*,*,#1701,.F.);
#2179=ORIENTED_EDGE('',*,*,#1712,.F.);
#2180=ORIENTED_EDGE('',*,*,#1713,.F.);
#2181=ORIENTED_EDGE('',*,*,#1714,.T.);
#2182=ORIENTED_EDGE('',*,*,#1700,.F.);
#2183=ORIENTED_EDGE('',*,*,#1714,.F.);
#2184=ORIENTED_EDGE('',*,*,#1715,.F.);
#2185=ORIENTED_EDGE('',*,*,#1716,.T.);
#2186=ORIENTED_EDGE('',*,*,#1699,.F.);
#2187=ORIENTED_EDGE('',*,*,#1716,.F.);
#2188=ORIENTED_EDGE('',*,*,#1717,.F.);
#2189=ORIENTED_EDGE('',*,*,#1718,.T.);
#2190=ORIENTED_EDGE('',*,*,#1698,.F.);
#2191=ORIENTED_EDGE('',*,*,#1718,.F.);
#2192=ORIENTED_EDGE('',*,*,#1719,.F.);
#2193=ORIENTED_EDGE('',*,*,#1720,.T.);
#2194=ORIENTED_EDGE('',*,*,#1697,.F.);
#2195=ORIENTED_EDGE('',*,*,#1720,.F.);
#2196=ORIENTED_EDGE('',*,*,#1721,.F.);
#2197=ORIENTED_EDGE('',*,*,#1722,.T.);
#2198=ORIENTED_EDGE('',*,*,#1696,.F.);
#2199=ORIENTED_EDGE('',*,*,#1722,.F.);
#2200=ORIENTED_EDGE('',*,*,#1723,.F.);
#2201=ORIENTED_EDGE('',*,*,#1724,.T.);
#2202=ORIENTED_EDGE('',*,*,#1695,.F.);
#2203=ORIENTED_EDGE('',*,*,#1724,.F.);
#2204=ORIENTED_EDGE('',*,*,#1725,.F.);
#2205=ORIENTED_EDGE('',*,*,#1726,.T.);
#2206=ORIENTED_EDGE('',*,*,#1694,.F.);
#2207=ORIENTED_EDGE('',*,*,#1726,.F.);
#2208=ORIENTED_EDGE('',*,*,#1727,.F.);
#2209=ORIENTED_EDGE('',*,*,#1728,.T.);
#2210=ORIENTED_EDGE('',*,*,#1693,.F.);
#2211=ORIENTED_EDGE('',*,*,#1728,.F.);
#2212=ORIENTED_EDGE('',*,*,#1729,.F.);
#2213=ORIENTED_EDGE('',*,*,#1730,.T.);
#2214=ORIENTED_EDGE('',*,*,#1692,.F.);
#2215=ORIENTED_EDGE('',*,*,#1730,.F.);
#2216=ORIENTED_EDGE('',*,*,#1731,.F.);
#2217=ORIENTED_EDGE('',*,*,#1732,.T.);
#2218=ORIENTED_EDGE('',*,*,#1691,.F.);
#2219=ORIENTED_EDGE('',*,*,#1732,.F.);
#2220=ORIENTED_EDGE('',*,*,#1733,.F.);
#2221=ORIENTED_EDGE('',*,*,#1734,.T.);
#2222=ORIENTED_EDGE('',*,*,#1690,.F.);
#2223=ORIENTED_EDGE('',*,*,#1734,.F.);
#2224=ORIENTED_EDGE('',*,*,#1735,.F.);
#2225=ORIENTED_EDGE('',*,*,#1736,.T.);
#2226=ORIENTED_EDGE('',*,*,#1689,.F.);
#2227=ORIENTED_EDGE('',*,*,#1736,.F.);
#2228=ORIENTED_EDGE('',*,*,#1688,.T.);
#2229=ORIENTED_EDGE('',*,*,#1737,.T.);
#2230=ORIENTED_EDGE('',*,*,#1738,.F.);
#2231=ORIENTED_EDGE('',*,*,#1658,.F.);
#2232=ORIENTED_EDGE('',*,*,#1663,.F.);
#2233=ORIENTED_EDGE('',*,*,#1739,.F.);
#2234=ORIENTED_EDGE('',*,*,#1740,.F.);
#2235=ORIENTED_EDGE('',*,*,#1680,.F.);
#2236=ORIENTED_EDGE('',*,*,#1681,.T.);
#2237=ORIENTED_EDGE('',*,*,#1740,.T.);
#2238=ORIENTED_EDGE('',*,*,#1741,.F.);
#2239=ORIENTED_EDGE('',*,*,#1742,.F.);
#2240=ORIENTED_EDGE('',*,*,#1682,.T.);
#2241=ORIENTED_EDGE('',*,*,#1742,.T.);
#2242=ORIENTED_EDGE('',*,*,#1743,.F.);
#2243=ORIENTED_EDGE('',*,*,#1744,.F.);
#2244=ORIENTED_EDGE('',*,*,#1683,.T.);
#2245=ORIENTED_EDGE('',*,*,#1744,.T.);
#2246=ORIENTED_EDGE('',*,*,#1745,.F.);
#2247=ORIENTED_EDGE('',*,*,#1670,.F.);
#2248=ORIENTED_EDGE('',*,*,#1631,.F.);
#2249=ORIENTED_EDGE('',*,*,#1746,.F.);
#2250=ORIENTED_EDGE('',*,*,#1747,.F.);
#2251=ORIENTED_EDGE('',*,*,#1684,.F.);
#2252=ORIENTED_EDGE('',*,*,#1685,.F.);
#2253=ORIENTED_EDGE('',*,*,#1747,.T.);
#2254=ORIENTED_EDGE('',*,*,#1748,.F.);
#2255=ORIENTED_EDGE('',*,*,#1749,.F.);
#2256=ORIENTED_EDGE('',*,*,#1686,.T.);
#2257=ORIENTED_EDGE('',*,*,#1749,.T.);
#2258=ORIENTED_EDGE('',*,*,#1750,.F.);
#2259=ORIENTED_EDGE('',*,*,#1751,.F.);
#2260=ORIENTED_EDGE('',*,*,#1687,.T.);
#2261=ORIENTED_EDGE('',*,*,#1751,.T.);
#2262=ORIENTED_EDGE('',*,*,#1752,.F.);
#2263=ORIENTED_EDGE('',*,*,#1737,.F.);
#2264=ORIENTED_EDGE('',*,*,#1738,.T.);
#2265=ORIENTED_EDGE('',*,*,#1752,.T.);
#2266=ORIENTED_EDGE('',*,*,#1750,.T.);
#2267=ORIENTED_EDGE('',*,*,#1748,.T.);
#2268=ORIENTED_EDGE('',*,*,#1746,.T.);
#2269=ORIENTED_EDGE('',*,*,#1630,.F.);
#2270=ORIENTED_EDGE('',*,*,#1634,.T.);
#2271=ORIENTED_EDGE('',*,*,#1650,.F.);
#2272=ORIENTED_EDGE('',*,*,#1653,.T.);
#2273=ORIENTED_EDGE('',*,*,#1668,.F.);
#2274=ORIENTED_EDGE('',*,*,#1671,.T.);
#2275=ORIENTED_EDGE('',*,*,#1745,.T.);
#2276=ORIENTED_EDGE('',*,*,#1743,.T.);
#2277=ORIENTED_EDGE('',*,*,#1741,.T.);
#2278=ORIENTED_EDGE('',*,*,#1739,.T.);
#2279=ORIENTED_EDGE('',*,*,#1662,.F.);
#2280=ORIENTED_EDGE('',*,*,#1664,.T.);
#2281=ORIENTED_EDGE('',*,*,#1637,.F.);
#2282=ORIENTED_EDGE('',*,*,#1641,.T.);
#2283=ORIENTED_EDGE('',*,*,#1644,.F.);
#2284=ORIENTED_EDGE('',*,*,#1647,.T.);
#2285=ORIENTED_EDGE('',*,*,#1656,.F.);
#2286=ORIENTED_EDGE('',*,*,#1659,.T.);
#2287=ORIENTED_EDGE('',*,*,#1705,.T.);
#2288=ORIENTED_EDGE('',*,*,#1707,.T.);
#2289=ORIENTED_EDGE('',*,*,#1709,.T.);
#2290=ORIENTED_EDGE('',*,*,#1711,.T.);
#2291=ORIENTED_EDGE('',*,*,#1713,.T.);
#2292=ORIENTED_EDGE('',*,*,#1715,.T.);
#2293=ORIENTED_EDGE('',*,*,#1717,.T.);
#2294=ORIENTED_EDGE('',*,*,#1719,.T.);
#2295=ORIENTED_EDGE('',*,*,#1721,.T.);
#2296=ORIENTED_EDGE('',*,*,#1723,.T.);
#2297=ORIENTED_EDGE('',*,*,#1725,.T.);
#2298=ORIENTED_EDGE('',*,*,#1727,.T.);
#2299=ORIENTED_EDGE('',*,*,#1729,.T.);
#2300=ORIENTED_EDGE('',*,*,#1731,.T.);
#2301=ORIENTED_EDGE('',*,*,#1733,.T.);
#2302=ORIENTED_EDGE('',*,*,#1735,.T.);
#2303=ORIENTED_EDGE('',*,*,#1618,.T.);
#2304=ORIENTED_EDGE('',*,*,#1615,.F.);
#2305=ORIENTED_EDGE('',*,*,#1623,.T.);
#2306=ORIENTED_EDGE('',*,*,#1620,.F.);
#2307=ORIENTED_EDGE('',*,*,#1610,.T.);
#2308=ORIENTED_EDGE('',*,*,#1608,.F.);
#2309=ORIENTED_EDGE('',*,*,#1604,.T.);
#2310=ORIENTED_EDGE('',*,*,#1602,.F.);
#2311=ORIENTED_EDGE('',*,*,#1753,.F.);
#2312=ORIENTED_EDGE('',*,*,#1754,.T.);
#2313=ORIENTED_EDGE('',*,*,#1755,.T.);
#2314=ORIENTED_EDGE('',*,*,#1754,.F.);
#2315=ORIENTED_EDGE('',*,*,#1756,.F.);
#2316=ORIENTED_EDGE('',*,*,#1757,.T.);
#2317=ORIENTED_EDGE('',*,*,#1758,.T.);
#2318=ORIENTED_EDGE('',*,*,#1757,.F.);
#2319=ORIENTED_EDGE('',*,*,#1759,.F.);
#2320=ORIENTED_EDGE('',*,*,#1760,.T.);
#2321=ORIENTED_EDGE('',*,*,#1761,.T.);
#2322=ORIENTED_EDGE('',*,*,#1760,.F.);
#2323=ORIENTED_EDGE('',*,*,#1762,.F.);
#2324=ORIENTED_EDGE('',*,*,#1763,.T.);
#2325=ORIENTED_EDGE('',*,*,#1764,.T.);
#2326=ORIENTED_EDGE('',*,*,#1763,.F.);
#2327=ORIENTED_EDGE('',*,*,#1765,.F.);
#2328=ORIENTED_EDGE('',*,*,#1766,.T.);
#2329=ORIENTED_EDGE('',*,*,#1767,.T.);
#2330=ORIENTED_EDGE('',*,*,#1766,.F.);
#2331=ORIENTED_EDGE('',*,*,#1768,.F.);
#2332=ORIENTED_EDGE('',*,*,#1769,.T.);
#2333=ORIENTED_EDGE('',*,*,#1770,.T.);
#2334=ORIENTED_EDGE('',*,*,#1769,.F.);
#2335=ORIENTED_EDGE('',*,*,#1771,.F.);
#2336=ORIENTED_EDGE('',*,*,#1772,.T.);
#2337=ORIENTED_EDGE('',*,*,#1773,.T.);
#2338=ORIENTED_EDGE('',*,*,#1772,.F.);
#2339=ORIENTED_EDGE('',*,*,#1774,.F.);
#2340=ORIENTED_EDGE('',*,*,#1775,.T.);
#2341=ORIENTED_EDGE('',*,*,#1776,.T.);
#2342=ORIENTED_EDGE('',*,*,#1775,.F.);
#2343=ORIENTED_EDGE('',*,*,#1777,.F.);
#2344=ORIENTED_EDGE('',*,*,#1778,.T.);
#2345=ORIENTED_EDGE('',*,*,#1779,.F.);
#2346=ORIENTED_EDGE('',*,*,#1780,.F.);
#2347=ORIENTED_EDGE('',*,*,#1781,.F.);
#2348=ORIENTED_EDGE('',*,*,#1780,.T.);
#2349=ORIENTED_EDGE('',*,*,#1782,.F.);
#2350=ORIENTED_EDGE('',*,*,#1783,.F.);
#2351=ORIENTED_EDGE('',*,*,#1784,.F.);
#2352=ORIENTED_EDGE('',*,*,#1783,.T.);
#2353=ORIENTED_EDGE('',*,*,#1785,.F.);
#2354=ORIENTED_EDGE('',*,*,#1786,.F.);
#2355=ORIENTED_EDGE('',*,*,#1787,.F.);
#2356=ORIENTED_EDGE('',*,*,#1786,.T.);
#2357=ORIENTED_EDGE('',*,*,#1788,.F.);
#2358=ORIENTED_EDGE('',*,*,#1778,.F.);
#2359=ORIENTED_EDGE('',*,*,#1788,.T.);
#2360=ORIENTED_EDGE('',*,*,#1785,.T.);
#2361=ORIENTED_EDGE('',*,*,#1782,.T.);
#2362=ORIENTED_EDGE('',*,*,#1779,.T.);
#2363=ORIENTED_EDGE('',*,*,#1774,.T.);
#2364=ORIENTED_EDGE('',*,*,#1771,.T.);
#2365=ORIENTED_EDGE('',*,*,#1768,.T.);
#2366=ORIENTED_EDGE('',*,*,#1765,.T.);
#2367=ORIENTED_EDGE('',*,*,#1762,.T.);
#2368=ORIENTED_EDGE('',*,*,#1759,.T.);
#2369=ORIENTED_EDGE('',*,*,#1756,.T.);
#2370=ORIENTED_EDGE('',*,*,#1753,.T.);
#2371=ORIENTED_EDGE('',*,*,#1787,.T.);
#2372=ORIENTED_EDGE('',*,*,#1777,.T.);
#2373=ORIENTED_EDGE('',*,*,#1781,.T.);
#2374=ORIENTED_EDGE('',*,*,#1784,.T.);
#2375=ORIENTED_EDGE('',*,*,#1776,.F.);
#2376=ORIENTED_EDGE('',*,*,#1773,.F.);
#2377=ORIENTED_EDGE('',*,*,#1770,.F.);
#2378=ORIENTED_EDGE('',*,*,#1767,.F.);
#2379=ORIENTED_EDGE('',*,*,#1764,.F.);
#2380=ORIENTED_EDGE('',*,*,#1761,.F.);
#2381=ORIENTED_EDGE('',*,*,#1758,.F.);
#2382=ORIENTED_EDGE('',*,*,#1755,.F.);
#2383=ORIENTED_EDGE('',*,*,#1789,.F.);
#2384=ORIENTED_EDGE('',*,*,#1790,.T.);
#2385=ORIENTED_EDGE('',*,*,#1791,.F.);
#2386=ORIENTED_EDGE('',*,*,#1790,.F.);
#2387=ORIENTED_EDGE('',*,*,#1789,.T.);
#2388=ORIENTED_EDGE('',*,*,#1792,.F.);
#2389=ORIENTED_EDGE('',*,*,#1793,.T.);
#2390=ORIENTED_EDGE('',*,*,#1794,.T.);
#2391=ORIENTED_EDGE('',*,*,#1793,.F.);
#2392=ORIENTED_EDGE('',*,*,#1795,.F.);
#2393=ORIENTED_EDGE('',*,*,#1796,.T.);
#2394=ORIENTED_EDGE('',*,*,#1797,.T.);
#2395=ORIENTED_EDGE('',*,*,#1796,.F.);
#2396=ORIENTED_EDGE('',*,*,#1798,.F.);
#2397=ORIENTED_EDGE('',*,*,#1799,.T.);
#2398=ORIENTED_EDGE('',*,*,#1800,.T.);
#2399=ORIENTED_EDGE('',*,*,#1799,.F.);
#2400=ORIENTED_EDGE('',*,*,#1801,.F.);
#2401=ORIENTED_EDGE('',*,*,#1802,.T.);
#2402=ORIENTED_EDGE('',*,*,#1803,.T.);
#2403=ORIENTED_EDGE('',*,*,#1802,.F.);
#2404=ORIENTED_EDGE('',*,*,#1804,.F.);
#2405=ORIENTED_EDGE('',*,*,#1805,.T.);
#2406=ORIENTED_EDGE('',*,*,#1806,.T.);
#2407=ORIENTED_EDGE('',*,*,#1805,.F.);
#2408=ORIENTED_EDGE('',*,*,#1804,.T.);
#2409=ORIENTED_EDGE('',*,*,#1791,.T.);
#2410=ORIENTED_EDGE('',*,*,#1801,.T.);
#2411=ORIENTED_EDGE('',*,*,#1798,.T.);
#2412=ORIENTED_EDGE('',*,*,#1795,.T.);
#2413=ORIENTED_EDGE('',*,*,#1792,.T.);
#2414=ORIENTED_EDGE('',*,*,#1806,.F.);
#2415=ORIENTED_EDGE('',*,*,#1803,.F.);
#2416=ORIENTED_EDGE('',*,*,#1800,.F.);
#2417=ORIENTED_EDGE('',*,*,#1797,.F.);
#2418=ORIENTED_EDGE('',*,*,#1794,.F.);
#2419=ORIENTED_EDGE('',*,*,#1807,.F.);
#2420=ORIENTED_EDGE('',*,*,#1808,.T.);
#2421=ORIENTED_EDGE('',*,*,#1809,.F.);
#2422=ORIENTED_EDGE('',*,*,#1808,.F.);
#2423=ORIENTED_EDGE('',*,*,#1807,.T.);
#2424=ORIENTED_EDGE('',*,*,#1810,.F.);
#2425=ORIENTED_EDGE('',*,*,#1811,.T.);
#2426=ORIENTED_EDGE('',*,*,#1812,.T.);
#2427=ORIENTED_EDGE('',*,*,#1811,.F.);
#2428=ORIENTED_EDGE('',*,*,#1813,.F.);
#2429=ORIENTED_EDGE('',*,*,#1814,.T.);
#2430=ORIENTED_EDGE('',*,*,#1815,.T.);
#2431=ORIENTED_EDGE('',*,*,#1814,.F.);
#2432=ORIENTED_EDGE('',*,*,#1816,.F.);
#2433=ORIENTED_EDGE('',*,*,#1817,.T.);
#2434=ORIENTED_EDGE('',*,*,#1818,.T.);
#2435=ORIENTED_EDGE('',*,*,#1817,.F.);
#2436=ORIENTED_EDGE('',*,*,#1819,.F.);
#2437=ORIENTED_EDGE('',*,*,#1820,.T.);
#2438=ORIENTED_EDGE('',*,*,#1821,.T.);
#2439=ORIENTED_EDGE('',*,*,#1820,.F.);
#2440=ORIENTED_EDGE('',*,*,#1822,.F.);
#2441=ORIENTED_EDGE('',*,*,#1823,.T.);
#2442=ORIENTED_EDGE('',*,*,#1824,.T.);
#2443=ORIENTED_EDGE('',*,*,#1823,.F.);
#2444=ORIENTED_EDGE('',*,*,#1822,.T.);
#2445=ORIENTED_EDGE('',*,*,#1809,.T.);
#2446=ORIENTED_EDGE('',*,*,#1819,.T.);
#2447=ORIENTED_EDGE('',*,*,#1816,.T.);
#2448=ORIENTED_EDGE('',*,*,#1813,.T.);
#2449=ORIENTED_EDGE('',*,*,#1810,.T.);
#2450=ORIENTED_EDGE('',*,*,#1824,.F.);
#2451=ORIENTED_EDGE('',*,*,#1821,.F.);
#2452=ORIENTED_EDGE('',*,*,#1818,.F.);
#2453=ORIENTED_EDGE('',*,*,#1815,.F.);
#2454=ORIENTED_EDGE('',*,*,#1812,.F.);
#2455=ORIENTED_EDGE('',*,*,#1825,.F.);
#2456=ORIENTED_EDGE('',*,*,#1826,.T.);
#2457=ORIENTED_EDGE('',*,*,#1827,.F.);
#2458=ORIENTED_EDGE('',*,*,#1826,.F.);
#2459=ORIENTED_EDGE('',*,*,#1825,.T.);
#2460=ORIENTED_EDGE('',*,*,#1828,.F.);
#2461=ORIENTED_EDGE('',*,*,#1829,.T.);
#2462=ORIENTED_EDGE('',*,*,#1830,.T.);
#2463=ORIENTED_EDGE('',*,*,#1829,.F.);
#2464=ORIENTED_EDGE('',*,*,#1831,.F.);
#2465=ORIENTED_EDGE('',*,*,#1832,.T.);
#2466=ORIENTED_EDGE('',*,*,#1833,.T.);
#2467=ORIENTED_EDGE('',*,*,#1832,.F.);
#2468=ORIENTED_EDGE('',*,*,#1834,.F.);
#2469=ORIENTED_EDGE('',*,*,#1835,.T.);
#2470=ORIENTED_EDGE('',*,*,#1836,.T.);
#2471=ORIENTED_EDGE('',*,*,#1835,.F.);
#2472=ORIENTED_EDGE('',*,*,#1837,.F.);
#2473=ORIENTED_EDGE('',*,*,#1838,.T.);
#2474=ORIENTED_EDGE('',*,*,#1839,.T.);
#2475=ORIENTED_EDGE('',*,*,#1838,.F.);
#2476=ORIENTED_EDGE('',*,*,#1840,.F.);
#2477=ORIENTED_EDGE('',*,*,#1841,.T.);
#2478=ORIENTED_EDGE('',*,*,#1842,.T.);
#2479=ORIENTED_EDGE('',*,*,#1841,.F.);
#2480=ORIENTED_EDGE('',*,*,#1840,.T.);
#2481=ORIENTED_EDGE('',*,*,#1827,.T.);
#2482=ORIENTED_EDGE('',*,*,#1837,.T.);
#2483=ORIENTED_EDGE('',*,*,#1834,.T.);
#2484=ORIENTED_EDGE('',*,*,#1831,.T.);
#2485=ORIENTED_EDGE('',*,*,#1828,.T.);
#2486=ORIENTED_EDGE('',*,*,#1842,.F.);
#2487=ORIENTED_EDGE('',*,*,#1839,.F.);
#2488=ORIENTED_EDGE('',*,*,#1836,.F.);
#2489=ORIENTED_EDGE('',*,*,#1833,.F.);
#2490=ORIENTED_EDGE('',*,*,#1830,.F.);
#2491=ORIENTED_EDGE('',*,*,#1843,.F.);
#2492=ORIENTED_EDGE('',*,*,#1844,.T.);
#2493=ORIENTED_EDGE('',*,*,#1845,.F.);
#2494=ORIENTED_EDGE('',*,*,#1844,.F.);
#2495=ORIENTED_EDGE('',*,*,#1843,.T.);
#2496=ORIENTED_EDGE('',*,*,#1846,.F.);
#2497=ORIENTED_EDGE('',*,*,#1847,.T.);
#2498=ORIENTED_EDGE('',*,*,#1848,.T.);
#2499=ORIENTED_EDGE('',*,*,#1847,.F.);
#2500=ORIENTED_EDGE('',*,*,#1849,.F.);
#2501=ORIENTED_EDGE('',*,*,#1850,.T.);
#2502=ORIENTED_EDGE('',*,*,#1851,.T.);
#2503=ORIENTED_EDGE('',*,*,#1850,.F.);
#2504=ORIENTED_EDGE('',*,*,#1852,.F.);
#2505=ORIENTED_EDGE('',*,*,#1853,.T.);
#2506=ORIENTED_EDGE('',*,*,#1854,.T.);
#2507=ORIENTED_EDGE('',*,*,#1853,.F.);
#2508=ORIENTED_EDGE('',*,*,#1855,.F.);
#2509=ORIENTED_EDGE('',*,*,#1856,.T.);
#2510=ORIENTED_EDGE('',*,*,#1857,.T.);
#2511=ORIENTED_EDGE('',*,*,#1856,.F.);
#2512=ORIENTED_EDGE('',*,*,#1858,.F.);
#2513=ORIENTED_EDGE('',*,*,#1859,.T.);
#2514=ORIENTED_EDGE('',*,*,#1860,.T.);
#2515=ORIENTED_EDGE('',*,*,#1859,.F.);
#2516=ORIENTED_EDGE('',*,*,#1858,.T.);
#2517=ORIENTED_EDGE('',*,*,#1845,.T.);
#2518=ORIENTED_EDGE('',*,*,#1855,.T.);
#2519=ORIENTED_EDGE('',*,*,#1852,.T.);
#2520=ORIENTED_EDGE('',*,*,#1849,.T.);
#2521=ORIENTED_EDGE('',*,*,#1846,.T.);
#2522=ORIENTED_EDGE('',*,*,#1860,.F.);
#2523=ORIENTED_EDGE('',*,*,#1857,.F.);
#2524=ORIENTED_EDGE('',*,*,#1854,.F.);
#2525=ORIENTED_EDGE('',*,*,#1851,.F.);
#2526=ORIENTED_EDGE('',*,*,#1848,.F.);
#2527=ORIENTED_EDGE('',*,*,#1861,.F.);
#2528=ORIENTED_EDGE('',*,*,#1862,.T.);
#2529=ORIENTED_EDGE('',*,*,#1863,.T.);
#2530=ORIENTED_EDGE('',*,*,#1862,.F.);
#2531=ORIENTED_EDGE('',*,*,#1864,.F.);
#2532=ORIENTED_EDGE('',*,*,#1865,.T.);
#2533=ORIENTED_EDGE('',*,*,#1866,.T.);
#2534=ORIENTED_EDGE('',*,*,#1865,.F.);
#2535=ORIENTED_EDGE('',*,*,#1867,.F.);
#2536=ORIENTED_EDGE('',*,*,#1868,.T.);
#2537=ORIENTED_EDGE('',*,*,#1869,.T.);
#2538=ORIENTED_EDGE('',*,*,#1868,.F.);
#2539=ORIENTED_EDGE('',*,*,#1870,.F.);
#2540=ORIENTED_EDGE('',*,*,#1871,.T.);
#2541=ORIENTED_EDGE('',*,*,#1872,.T.);
#2542=ORIENTED_EDGE('',*,*,#1871,.F.);
#2543=ORIENTED_EDGE('',*,*,#1873,.T.);
#2544=ORIENTED_EDGE('',*,*,#1874,.T.);
#2545=ORIENTED_EDGE('',*,*,#1875,.F.);
#2546=ORIENTED_EDGE('',*,*,#1876,.F.);
#2547=ORIENTED_EDGE('',*,*,#1877,.T.);
#2548=ORIENTED_EDGE('',*,*,#1876,.T.);
#2549=ORIENTED_EDGE('',*,*,#1878,.F.);
#2550=ORIENTED_EDGE('',*,*,#1879,.F.);
#2551=ORIENTED_EDGE('',*,*,#1880,.T.);
#2552=ORIENTED_EDGE('',*,*,#1879,.T.);
#2553=ORIENTED_EDGE('',*,*,#1881,.F.);
#2554=ORIENTED_EDGE('',*,*,#1882,.F.);
#2555=ORIENTED_EDGE('',*,*,#1883,.T.);
#2556=ORIENTED_EDGE('',*,*,#1882,.T.);
#2557=ORIENTED_EDGE('',*,*,#1884,.F.);
#2558=ORIENTED_EDGE('',*,*,#1885,.F.);
#2559=ORIENTED_EDGE('',*,*,#1886,.T.);
#2560=ORIENTED_EDGE('',*,*,#1885,.T.);
#2561=ORIENTED_EDGE('',*,*,#1887,.F.);
#2562=ORIENTED_EDGE('',*,*,#1888,.F.);
#2563=ORIENTED_EDGE('',*,*,#1889,.T.);
#2564=ORIENTED_EDGE('',*,*,#1888,.T.);
#2565=ORIENTED_EDGE('',*,*,#1890,.F.);
#2566=ORIENTED_EDGE('',*,*,#1891,.F.);
#2567=ORIENTED_EDGE('',*,*,#1892,.T.);
#2568=ORIENTED_EDGE('',*,*,#1891,.T.);
#2569=ORIENTED_EDGE('',*,*,#1893,.F.);
#2570=ORIENTED_EDGE('',*,*,#1894,.F.);
#2571=ORIENTED_EDGE('',*,*,#1895,.T.);
#2572=ORIENTED_EDGE('',*,*,#1894,.T.);
#2573=ORIENTED_EDGE('',*,*,#1896,.F.);
#2574=ORIENTED_EDGE('',*,*,#1874,.F.);
#2575=ORIENTED_EDGE('',*,*,#1896,.T.);
#2576=ORIENTED_EDGE('',*,*,#1893,.T.);
#2577=ORIENTED_EDGE('',*,*,#1890,.T.);
#2578=ORIENTED_EDGE('',*,*,#1887,.T.);
#2579=ORIENTED_EDGE('',*,*,#1884,.T.);
#2580=ORIENTED_EDGE('',*,*,#1881,.T.);
#2581=ORIENTED_EDGE('',*,*,#1878,.T.);
#2582=ORIENTED_EDGE('',*,*,#1875,.T.);
#2583=ORIENTED_EDGE('',*,*,#1870,.T.);
#2584=ORIENTED_EDGE('',*,*,#1867,.T.);
#2585=ORIENTED_EDGE('',*,*,#1864,.T.);
#2586=ORIENTED_EDGE('',*,*,#1861,.T.);
#2587=ORIENTED_EDGE('',*,*,#1895,.F.);
#2588=ORIENTED_EDGE('',*,*,#1873,.F.);
#2589=ORIENTED_EDGE('',*,*,#1877,.F.);
#2590=ORIENTED_EDGE('',*,*,#1880,.F.);
#2591=ORIENTED_EDGE('',*,*,#1883,.F.);
#2592=ORIENTED_EDGE('',*,*,#1886,.F.);
#2593=ORIENTED_EDGE('',*,*,#1889,.F.);
#2594=ORIENTED_EDGE('',*,*,#1892,.F.);
#2595=ORIENTED_EDGE('',*,*,#1872,.F.);
#2596=ORIENTED_EDGE('',*,*,#1869,.F.);
#2597=ORIENTED_EDGE('',*,*,#1866,.F.);
#2598=ORIENTED_EDGE('',*,*,#1863,.F.);
#2599=ORIENTED_EDGE('',*,*,#1897,.F.);
#2600=ORIENTED_EDGE('',*,*,#1898,.T.);
#2601=ORIENTED_EDGE('',*,*,#1899,.T.);
#2602=ORIENTED_EDGE('',*,*,#1898,.F.);
#2603=ORIENTED_EDGE('',*,*,#1900,.T.);
#2604=ORIENTED_EDGE('',*,*,#1901,.T.);
#2605=ORIENTED_EDGE('',*,*,#1902,.F.);
#2606=ORIENTED_EDGE('',*,*,#1903,.F.);
#2607=ORIENTED_EDGE('',*,*,#1904,.T.);
#2608=ORIENTED_EDGE('',*,*,#1903,.T.);
#2609=ORIENTED_EDGE('',*,*,#1905,.F.);
#2610=ORIENTED_EDGE('',*,*,#1906,.F.);
#2611=ORIENTED_EDGE('',*,*,#1907,.T.);
#2612=ORIENTED_EDGE('',*,*,#1906,.T.);
#2613=ORIENTED_EDGE('',*,*,#1908,.F.);
#2614=ORIENTED_EDGE('',*,*,#1909,.F.);
#2615=ORIENTED_EDGE('',*,*,#1910,.T.);
#2616=ORIENTED_EDGE('',*,*,#1909,.T.);
#2617=ORIENTED_EDGE('',*,*,#1911,.F.);
#2618=ORIENTED_EDGE('',*,*,#1901,.F.);
#2619=ORIENTED_EDGE('',*,*,#1911,.T.);
#2620=ORIENTED_EDGE('',*,*,#1908,.T.);
#2621=ORIENTED_EDGE('',*,*,#1905,.T.);
#2622=ORIENTED_EDGE('',*,*,#1902,.T.);
#2623=ORIENTED_EDGE('',*,*,#1897,.T.);
#2624=ORIENTED_EDGE('',*,*,#1910,.F.);
#2625=ORIENTED_EDGE('',*,*,#1900,.F.);
#2626=ORIENTED_EDGE('',*,*,#1904,.F.);
#2627=ORIENTED_EDGE('',*,*,#1907,.F.);
#2628=ORIENTED_EDGE('',*,*,#1899,.F.);
#2629=ORIENTED_EDGE('',*,*,#1912,.F.);
#2630=ORIENTED_EDGE('',*,*,#1913,.T.);
#2631=ORIENTED_EDGE('',*,*,#1914,.T.);
#2632=ORIENTED_EDGE('',*,*,#1913,.F.);
#2633=ORIENTED_EDGE('',*,*,#1912,.T.);
#2634=ORIENTED_EDGE('',*,*,#1914,.F.);
#2635=ORIENTED_EDGE('',*,*,#1915,.F.);
#2636=ORIENTED_EDGE('',*,*,#1916,.T.);
#2637=ORIENTED_EDGE('',*,*,#1917,.T.);
#2638=ORIENTED_EDGE('',*,*,#1916,.F.);
#2639=ORIENTED_EDGE('',*,*,#1918,.T.);
#2640=ORIENTED_EDGE('',*,*,#1919,.T.);
#2641=ORIENTED_EDGE('',*,*,#1920,.F.);
#2642=ORIENTED_EDGE('',*,*,#1921,.F.);
#2643=ORIENTED_EDGE('',*,*,#1922,.T.);
#2644=ORIENTED_EDGE('',*,*,#1921,.T.);
#2645=ORIENTED_EDGE('',*,*,#1923,.F.);
#2646=ORIENTED_EDGE('',*,*,#1924,.F.);
#2647=ORIENTED_EDGE('',*,*,#1925,.T.);
#2648=ORIENTED_EDGE('',*,*,#1924,.T.);
#2649=ORIENTED_EDGE('',*,*,#1926,.F.);
#2650=ORIENTED_EDGE('',*,*,#1927,.F.);
#2651=ORIENTED_EDGE('',*,*,#1928,.T.);
#2652=ORIENTED_EDGE('',*,*,#1927,.T.);
#2653=ORIENTED_EDGE('',*,*,#1929,.F.);
#2654=ORIENTED_EDGE('',*,*,#1919,.F.);
#2655=ORIENTED_EDGE('',*,*,#1929,.T.);
#2656=ORIENTED_EDGE('',*,*,#1926,.T.);
#2657=ORIENTED_EDGE('',*,*,#1923,.T.);
#2658=ORIENTED_EDGE('',*,*,#1920,.T.);
#2659=ORIENTED_EDGE('',*,*,#1915,.T.);
#2660=ORIENTED_EDGE('',*,*,#1928,.F.);
#2661=ORIENTED_EDGE('',*,*,#1918,.F.);
#2662=ORIENTED_EDGE('',*,*,#1922,.F.);
#2663=ORIENTED_EDGE('',*,*,#1925,.F.);
#2664=ORIENTED_EDGE('',*,*,#1917,.F.);
#2665=ORIENTED_EDGE('',*,*,#1930,.F.);
#2666=ORIENTED_EDGE('',*,*,#1931,.T.);
#2667=ORIENTED_EDGE('',*,*,#1932,.T.);
#2668=ORIENTED_EDGE('',*,*,#1931,.F.);
#2669=ORIENTED_EDGE('',*,*,#1933,.T.);
#2670=ORIENTED_EDGE('',*,*,#1934,.T.);
#2671=ORIENTED_EDGE('',*,*,#1935,.F.);
#2672=ORIENTED_EDGE('',*,*,#1936,.F.);
#2673=ORIENTED_EDGE('',*,*,#1937,.T.);
#2674=ORIENTED_EDGE('',*,*,#1936,.T.);
#2675=ORIENTED_EDGE('',*,*,#1938,.F.);
#2676=ORIENTED_EDGE('',*,*,#1939,.F.);
#2677=ORIENTED_EDGE('',*,*,#1940,.T.);
#2678=ORIENTED_EDGE('',*,*,#1939,.T.);
#2679=ORIENTED_EDGE('',*,*,#1941,.F.);
#2680=ORIENTED_EDGE('',*,*,#1942,.F.);
#2681=ORIENTED_EDGE('',*,*,#1943,.T.);
#2682=ORIENTED_EDGE('',*,*,#1942,.T.);
#2683=ORIENTED_EDGE('',*,*,#1944,.F.);
#2684=ORIENTED_EDGE('',*,*,#1934,.F.);
#2685=ORIENTED_EDGE('',*,*,#1944,.T.);
#2686=ORIENTED_EDGE('',*,*,#1941,.T.);
#2687=ORIENTED_EDGE('',*,*,#1938,.T.);
#2688=ORIENTED_EDGE('',*,*,#1935,.T.);
#2689=ORIENTED_EDGE('',*,*,#1930,.T.);
#2690=ORIENTED_EDGE('',*,*,#1943,.F.);
#2691=ORIENTED_EDGE('',*,*,#1933,.F.);
#2692=ORIENTED_EDGE('',*,*,#1937,.F.);
#2693=ORIENTED_EDGE('',*,*,#1940,.F.);
#2694=ORIENTED_EDGE('',*,*,#1932,.F.);
#2695=ORIENTED_EDGE('',*,*,#1945,.F.);
#2696=ORIENTED_EDGE('',*,*,#1946,.T.);
#2697=ORIENTED_EDGE('',*,*,#1947,.F.);
#2698=ORIENTED_EDGE('',*,*,#1948,.F.);
#2699=ORIENTED_EDGE('',*,*,#1949,.F.);
#2700=ORIENTED_EDGE('',*,*,#1948,.T.);
#2701=ORIENTED_EDGE('',*,*,#1950,.F.);
#2702=ORIENTED_EDGE('',*,*,#1951,.F.);
#2703=ORIENTED_EDGE('',*,*,#1952,.F.);
#2704=ORIENTED_EDGE('',*,*,#1951,.T.);
#2705=ORIENTED_EDGE('',*,*,#1953,.F.);
#2706=ORIENTED_EDGE('',*,*,#1954,.F.);
#2707=ORIENTED_EDGE('',*,*,#1955,.F.);
#2708=ORIENTED_EDGE('',*,*,#1954,.T.);
#2709=ORIENTED_EDGE('',*,*,#1956,.F.);
#2710=ORIENTED_EDGE('',*,*,#1946,.F.);
#2711=ORIENTED_EDGE('',*,*,#1956,.T.);
#2712=ORIENTED_EDGE('',*,*,#1953,.T.);
#2713=ORIENTED_EDGE('',*,*,#1950,.T.);
#2714=ORIENTED_EDGE('',*,*,#1947,.T.);
#2715=ORIENTED_EDGE('',*,*,#1955,.T.);
#2716=ORIENTED_EDGE('',*,*,#1945,.T.);
#2717=ORIENTED_EDGE('',*,*,#1949,.T.);
#2718=ORIENTED_EDGE('',*,*,#1952,.T.);
#2719=ORIENTED_EDGE('',*,*,#1957,.F.);
#2720=ORIENTED_EDGE('',*,*,#1958,.T.);
#2721=ORIENTED_EDGE('',*,*,#1959,.F.);
#2722=ORIENTED_EDGE('',*,*,#1960,.F.);
#2723=ORIENTED_EDGE('',*,*,#1961,.F.);
#2724=ORIENTED_EDGE('',*,*,#1960,.T.);
#2725=ORIENTED_EDGE('',*,*,#1962,.F.);
#2726=ORIENTED_EDGE('',*,*,#1963,.F.);
#2727=ORIENTED_EDGE('',*,*,#1964,.F.);
#2728=ORIENTED_EDGE('',*,*,#1963,.T.);
#2729=ORIENTED_EDGE('',*,*,#1965,.F.);
#2730=ORIENTED_EDGE('',*,*,#1966,.F.);
#2731=ORIENTED_EDGE('',*,*,#1967,.F.);
#2732=ORIENTED_EDGE('',*,*,#1966,.T.);
#2733=ORIENTED_EDGE('',*,*,#1968,.F.);
#2734=ORIENTED_EDGE('',*,*,#1958,.F.);
#2735=ORIENTED_EDGE('',*,*,#1968,.T.);
#2736=ORIENTED_EDGE('',*,*,#1965,.T.);
#2737=ORIENTED_EDGE('',*,*,#1962,.T.);
#2738=ORIENTED_EDGE('',*,*,#1959,.T.);
#2739=ORIENTED_EDGE('',*,*,#1967,.T.);
#2740=ORIENTED_EDGE('',*,*,#1957,.T.);
#2741=ORIENTED_EDGE('',*,*,#1961,.T.);
#2742=ORIENTED_EDGE('',*,*,#1964,.T.);
#2743=ORIENTED_EDGE('',*,*,#1969,.F.);
#2744=ORIENTED_EDGE('',*,*,#1970,.T.);
#2745=ORIENTED_EDGE('',*,*,#1971,.F.);
#2746=ORIENTED_EDGE('',*,*,#1972,.F.);
#2747=ORIENTED_EDGE('',*,*,#1973,.F.);
#2748=ORIENTED_EDGE('',*,*,#1972,.T.);
#2749=ORIENTED_EDGE('',*,*,#1974,.F.);
#2750=ORIENTED_EDGE('',*,*,#1975,.F.);
#2751=ORIENTED_EDGE('',*,*,#1976,.F.);
#2752=ORIENTED_EDGE('',*,*,#1975,.T.);
#2753=ORIENTED_EDGE('',*,*,#1977,.F.);
#2754=ORIENTED_EDGE('',*,*,#1978,.F.);
#2755=ORIENTED_EDGE('',*,*,#1979,.F.);
#2756=ORIENTED_EDGE('',*,*,#1978,.T.);
#2757=ORIENTED_EDGE('',*,*,#1980,.F.);
#2758=ORIENTED_EDGE('',*,*,#1970,.F.);
#2759=ORIENTED_EDGE('',*,*,#1980,.T.);
#2760=ORIENTED_EDGE('',*,*,#1977,.T.);
#2761=ORIENTED_EDGE('',*,*,#1974,.T.);
#2762=ORIENTED_EDGE('',*,*,#1971,.T.);
#2763=ORIENTED_EDGE('',*,*,#1979,.T.);
#2764=ORIENTED_EDGE('',*,*,#1969,.T.);
#2765=ORIENTED_EDGE('',*,*,#1973,.T.);
#2766=ORIENTED_EDGE('',*,*,#1976,.T.);
#2767=ORIENTED_EDGE('',*,*,#1981,.F.);
#2768=ORIENTED_EDGE('',*,*,#1982,.T.);
#2769=ORIENTED_EDGE('',*,*,#1983,.F.);
#2770=ORIENTED_EDGE('',*,*,#1984,.F.);
#2771=ORIENTED_EDGE('',*,*,#1985,.F.);
#2772=ORIENTED_EDGE('',*,*,#1984,.T.);
#2773=ORIENTED_EDGE('',*,*,#1986,.F.);
#2774=ORIENTED_EDGE('',*,*,#1987,.F.);
#2775=ORIENTED_EDGE('',*,*,#1988,.F.);
#2776=ORIENTED_EDGE('',*,*,#1987,.T.);
#2777=ORIENTED_EDGE('',*,*,#1989,.F.);
#2778=ORIENTED_EDGE('',*,*,#1990,.F.);
#2779=ORIENTED_EDGE('',*,*,#1991,.F.);
#2780=ORIENTED_EDGE('',*,*,#1990,.T.);
#2781=ORIENTED_EDGE('',*,*,#1992,.F.);
#2782=ORIENTED_EDGE('',*,*,#1982,.F.);
#2783=ORIENTED_EDGE('',*,*,#1992,.T.);
#2784=ORIENTED_EDGE('',*,*,#1989,.T.);
#2785=ORIENTED_EDGE('',*,*,#1986,.T.);
#2786=ORIENTED_EDGE('',*,*,#1983,.T.);
#2787=ORIENTED_EDGE('',*,*,#1991,.T.);
#2788=ORIENTED_EDGE('',*,*,#1981,.T.);
#2789=ORIENTED_EDGE('',*,*,#1985,.T.);
#2790=ORIENTED_EDGE('',*,*,#1988,.T.);
#2791=ORIENTED_EDGE('',*,*,#1993,.T.);
#2792=ORIENTED_EDGE('',*,*,#1994,.T.);
#2793=ORIENTED_EDGE('',*,*,#1995,.F.);
#2794=ORIENTED_EDGE('',*,*,#1996,.F.);
#2795=ORIENTED_EDGE('',*,*,#1997,.T.);
#2796=ORIENTED_EDGE('',*,*,#1996,.T.);
#2797=ORIENTED_EDGE('',*,*,#1998,.F.);
#2798=ORIENTED_EDGE('',*,*,#1999,.F.);
#2799=ORIENTED_EDGE('',*,*,#2000,.T.);
#2800=ORIENTED_EDGE('',*,*,#1999,.T.);
#2801=ORIENTED_EDGE('',*,*,#2001,.F.);
#2802=ORIENTED_EDGE('',*,*,#2002,.F.);
#2803=ORIENTED_EDGE('',*,*,#2003,.T.);
#2804=ORIENTED_EDGE('',*,*,#2002,.T.);
#2805=ORIENTED_EDGE('',*,*,#2004,.F.);
#2806=ORIENTED_EDGE('',*,*,#1994,.F.);
#2807=ORIENTED_EDGE('',*,*,#2004,.T.);
#2808=ORIENTED_EDGE('',*,*,#2001,.T.);
#2809=ORIENTED_EDGE('',*,*,#1998,.T.);
#2810=ORIENTED_EDGE('',*,*,#1995,.T.);
#2811=ORIENTED_EDGE('',*,*,#2003,.F.);
#2812=ORIENTED_EDGE('',*,*,#1993,.F.);
#2813=ORIENTED_EDGE('',*,*,#1997,.F.);
#2814=ORIENTED_EDGE('',*,*,#2000,.F.);
#2815=CYLINDRICAL_SURFACE('',#3101,2.5);
#2816=CYLINDRICAL_SURFACE('',#3105,2.5);
#2817=CYLINDRICAL_SURFACE('',#3109,2.5);
#2818=CYLINDRICAL_SURFACE('',#3113,2.5);
#2819=CYLINDRICAL_SURFACE('',#3122,6.);
#2820=CYLINDRICAL_SURFACE('',#3125,16.);
#2821=CYLINDRICAL_SURFACE('',#3128,6.);
#2822=CYLINDRICAL_SURFACE('',#3131,16.);
#2823=CYLINDRICAL_SURFACE('',#3134,6.);
#2824=CYLINDRICAL_SURFACE('',#3138,6.);
#2825=CYLINDRICAL_SURFACE('',#3142,6.);
#2826=CYLINDRICAL_SURFACE('',#3146,6.);
#2827=CYLINDRICAL_SURFACE('',#3150,6.);
#2828=CYLINDRICAL_SURFACE('',#3154,2.);
#2829=CYLINDRICAL_SURFACE('',#3156,2.);
#2830=CYLINDRICAL_SURFACE('',#3158,2.);
#2831=CYLINDRICAL_SURFACE('',#3160,2.);
#2832=CYLINDRICAL_SURFACE('',#3181,1.99999999999999);
#2833=CYLINDRICAL_SURFACE('',#3183,2.00000000000001);
#2834=CYLINDRICAL_SURFACE('',#3185,2.);
#2835=CYLINDRICAL_SURFACE('',#3187,1.99999999999999);
#2836=CYLINDRICAL_SURFACE('',#3189,1.99999999999999);
#2837=CYLINDRICAL_SURFACE('',#3191,2.00000000000001);
#2838=CYLINDRICAL_SURFACE('',#3193,2.00000000000001);
#2839=CYLINDRICAL_SURFACE('',#3195,1.99999999999999);
#2840=CYLINDRICAL_SURFACE('',#3197,2.);
#2841=CYLINDRICAL_SURFACE('',#3199,1.99999999999999);
#2842=CYLINDRICAL_SURFACE('',#3201,2.);
#2843=CYLINDRICAL_SURFACE('',#3203,1.99999999999999);
#2844=CYLINDRICAL_SURFACE('',#3205,1.99999999999999);
#2845=CYLINDRICAL_SURFACE('',#3207,1.99999999999999);
#2846=CYLINDRICAL_SURFACE('',#3209,1.99999999999999);
#2847=CYLINDRICAL_SURFACE('',#3211,1.99999999999999);
#2848=CYLINDRICAL_SURFACE('',#3216,16.);
#2849=CYLINDRICAL_SURFACE('',#3222,16.);
#2850=CYLINDRICAL_SURFACE('',#3225,1.6);
#2851=CYLINDRICAL_SURFACE('',#3228,1.99999999999999);
#2852=CYLINDRICAL_SURFACE('',#3231,1.6);
#2853=CYLINDRICAL_SURFACE('',#3234,1.99999999999999);
#2854=CYLINDRICAL_SURFACE('',#3237,1.99999999999999);
#2855=CYLINDRICAL_SURFACE('',#3240,1.6);
#2856=CYLINDRICAL_SURFACE('',#3243,1.6);
#2857=CYLINDRICAL_SURFACE('',#3246,1.99999999999999);
#2858=CYLINDRICAL_SURFACE('',#3255,2.49999999999999);
#2859=CYLINDRICAL_SURFACE('',#3259,1.99999999999999);
#2860=CYLINDRICAL_SURFACE('',#3262,2.);
#2861=CYLINDRICAL_SURFACE('',#3265,1.99999999999999);
#2862=CYLINDRICAL_SURFACE('',#3268,1.99999999999999);
#2863=CYLINDRICAL_SURFACE('',#3271,13.);
#2864=CYLINDRICAL_SURFACE('',#3276,2.49999999999999);
#2865=CYLINDRICAL_SURFACE('',#3280,1.99999999999999);
#2866=CYLINDRICAL_SURFACE('',#3283,1.99999999999999);
#2867=CYLINDRICAL_SURFACE('',#3286,2.00000000000001);
#2868=CYLINDRICAL_SURFACE('',#3289,2.00000000000001);
#2869=CYLINDRICAL_SURFACE('',#3292,13.);
#2870=CYLINDRICAL_SURFACE('',#3297,2.5);
#2871=CYLINDRICAL_SURFACE('',#3301,1.99999999999999);
#2872=CYLINDRICAL_SURFACE('',#3304,1.99999999999999);
#2873=CYLINDRICAL_SURFACE('',#3307,1.99999999999999);
#2874=CYLINDRICAL_SURFACE('',#3310,1.99999999999999);
#2875=CYLINDRICAL_SURFACE('',#3313,13.);
#2876=CYLINDRICAL_SURFACE('',#3318,2.5);
#2877=CYLINDRICAL_SURFACE('',#3322,1.99999999999999);
#2878=CYLINDRICAL_SURFACE('',#3325,2.00000000000001);
#2879=CYLINDRICAL_SURFACE('',#3328,2.);
#2880=CYLINDRICAL_SURFACE('',#3331,2.);
#2881=CYLINDRICAL_SURFACE('',#3334,13.);
#2882=CYLINDRICAL_SURFACE('',#3339,2.);
#2883=CYLINDRICAL_SURFACE('',#3342,2.);
#2884=CYLINDRICAL_SURFACE('',#3345,2.);
#2885=CYLINDRICAL_SURFACE('',#3348,2.);
#2886=CYLINDRICAL_SURFACE('',#3352,2.5);
#2887=CYLINDRICAL_SURFACE('',#3356,2.5);
#2888=CYLINDRICAL_SURFACE('',#3360,2.5);
#2889=CYLINDRICAL_SURFACE('',#3364,2.5);
#2890=CYLINDRICAL_SURFACE('',#3369,2.);
#2891=CYLINDRICAL_SURFACE('',#3372,3.);
#2892=CYLINDRICAL_SURFACE('',#3376,3.);
#2893=CYLINDRICAL_SURFACE('',#3382,2.);
#2894=CYLINDRICAL_SURFACE('',#3387,2.);
#2895=CYLINDRICAL_SURFACE('',#3390,3.);
#2896=CYLINDRICAL_SURFACE('',#3394,3.);
#2897=CYLINDRICAL_SURFACE('',#3400,2.);
#2898=CYLINDRICAL_SURFACE('',#3404,3.);
#2899=CYLINDRICAL_SURFACE('',#3408,3.);
#2900=ADVANCED_FACE('',(#239),#2815,.F.);
#2901=ADVANCED_FACE('',(#240),#152,.F.);
#2902=ADVANCED_FACE('',(#241),#2816,.F.);
#2903=ADVANCED_FACE('',(#242),#153,.F.);
#2904=ADVANCED_FACE('',(#243),#2817,.F.);
#2905=ADVANCED_FACE('',(#244),#154,.F.);
#2906=ADVANCED_FACE('',(#245),#2818,.F.);
#2907=ADVANCED_FACE('',(#246),#155,.F.);
#2908=ADVANCED_FACE('',(#247,#45,#46,#47,#48),#156,.T.);
#2909=ADVANCED_FACE('',(#248),#2819,.F.);
#2910=ADVANCED_FACE('',(#249),#2820,.T.);
#2911=ADVANCED_FACE('',(#250),#2821,.F.);
#2912=ADVANCED_FACE('',(#251),#2822,.T.);
#2913=ADVANCED_FACE('',(#252),#2823,.F.);
#2914=ADVANCED_FACE('',(#253),#157,.T.);
#2915=ADVANCED_FACE('',(#254),#2824,.F.);
#2916=ADVANCED_FACE('',(#255),#158,.T.);
#2917=ADVANCED_FACE('',(#256),#2825,.F.);
#2918=ADVANCED_FACE('',(#257),#159,.T.);
#2919=ADVANCED_FACE('',(#258),#2826,.F.);
#2920=ADVANCED_FACE('',(#259),#160,.T.);
#2921=ADVANCED_FACE('',(#260),#2827,.F.);
#2922=ADVANCED_FACE('',(#261),#161,.T.);
#2923=ADVANCED_FACE('',(#262),#2828,.F.);
#2924=ADVANCED_FACE('',(#263),#2829,.F.);
#2925=ADVANCED_FACE('',(#264),#2830,.F.);
#2926=ADVANCED_FACE('',(#265),#2831,.F.);
#2927=ADVANCED_FACE('',(#266,#49,#50,#51,#52,#53,#54,#55,#56,#57,#58,#59,
#60,#61,#62,#63,#64,#65,#66,#67,#68),#162,.F.);
#2928=ADVANCED_FACE('',(#267),#2832,.F.);
#2929=ADVANCED_FACE('',(#268),#2833,.F.);
#2930=ADVANCED_FACE('',(#269),#2834,.F.);
#2931=ADVANCED_FACE('',(#270),#2835,.F.);
#2932=ADVANCED_FACE('',(#271),#2836,.F.);
#2933=ADVANCED_FACE('',(#272),#2837,.F.);
#2934=ADVANCED_FACE('',(#273),#2838,.F.);
#2935=ADVANCED_FACE('',(#274),#2839,.F.);
#2936=ADVANCED_FACE('',(#275),#2840,.F.);
#2937=ADVANCED_FACE('',(#276),#2841,.F.);
#2938=ADVANCED_FACE('',(#277),#2842,.F.);
#2939=ADVANCED_FACE('',(#278),#2843,.F.);
#2940=ADVANCED_FACE('',(#279),#2844,.F.);
#2941=ADVANCED_FACE('',(#280),#2845,.F.);
#2942=ADVANCED_FACE('',(#281),#2846,.F.);
#2943=ADVANCED_FACE('',(#282),#2847,.F.);
#2944=ADVANCED_FACE('',(#283),#163,.T.);
#2945=ADVANCED_FACE('',(#284),#164,.T.);
#2946=ADVANCED_FACE('',(#285),#165,.T.);
#2947=ADVANCED_FACE('',(#286),#2848,.T.);
#2948=ADVANCED_FACE('',(#287),#166,.T.);
#2949=ADVANCED_FACE('',(#288),#167,.T.);
#2950=ADVANCED_FACE('',(#289),#168,.T.);
#2951=ADVANCED_FACE('',(#290),#169,.T.);
#2952=ADVANCED_FACE('',(#291),#2849,.T.);
#2953=ADVANCED_FACE('',(#292,#69,#70,#71,#72,#73,#74,#75,#76,#77,#78,#79,
#80,#81,#82,#83,#84,#85),#170,.T.);
#2954=ADVANCED_FACE('',(#293),#2850,.F.);
#2955=ADVANCED_FACE('',(#294),#2851,.F.);
#2956=ADVANCED_FACE('',(#295),#2852,.F.);
#2957=ADVANCED_FACE('',(#296),#2853,.F.);
#2958=ADVANCED_FACE('',(#297),#2854,.F.);
#2959=ADVANCED_FACE('',(#298),#2855,.F.);
#2960=ADVANCED_FACE('',(#299),#2856,.F.);
#2961=ADVANCED_FACE('',(#300),#2857,.F.);
#2962=ADVANCED_FACE('',(#301),#171,.T.);
#2963=ADVANCED_FACE('',(#302),#172,.T.);
#2964=ADVANCED_FACE('',(#303),#173,.T.);
#2965=ADVANCED_FACE('',(#304),#174,.T.);
#2966=ADVANCED_FACE('',(#305,#86,#87,#88,#89,#90,#91,#92,#93),#175,.T.);
#2967=ADVANCED_FACE('',(#306,#94,#95,#96,#97,#98,#99,#100,#101),#176,.F.);
#2968=ADVANCED_FACE('',(#307),#2858,.T.);
#2969=ADVANCED_FACE('',(#308),#177,.T.);
#2970=ADVANCED_FACE('',(#309),#2859,.F.);
#2971=ADVANCED_FACE('',(#310),#2860,.F.);
#2972=ADVANCED_FACE('',(#311),#2861,.F.);
#2973=ADVANCED_FACE('',(#312),#2862,.F.);
#2974=ADVANCED_FACE('',(#313),#2863,.T.);
#2975=ADVANCED_FACE('',(#314,#102,#103,#104,#105,#106),#178,.T.);
#2976=ADVANCED_FACE('',(#315,#107,#108,#109,#110),#179,.F.);
#2977=ADVANCED_FACE('',(#316),#2864,.T.);
#2978=ADVANCED_FACE('',(#317),#180,.T.);
#2979=ADVANCED_FACE('',(#318),#2865,.F.);
#2980=ADVANCED_FACE('',(#319),#2866,.F.);
#2981=ADVANCED_FACE('',(#320),#2867,.F.);
#2982=ADVANCED_FACE('',(#321),#2868,.F.);
#2983=ADVANCED_FACE('',(#322),#2869,.T.);
#2984=ADVANCED_FACE('',(#323,#111,#112,#113,#114,#115),#181,.T.);
#2985=ADVANCED_FACE('',(#324,#116,#117,#118,#119),#182,.F.);
#2986=ADVANCED_FACE('',(#325),#2870,.T.);
#2987=ADVANCED_FACE('',(#326),#183,.T.);
#2988=ADVANCED_FACE('',(#327),#2871,.F.);
#2989=ADVANCED_FACE('',(#328),#2872,.F.);
#2990=ADVANCED_FACE('',(#329),#2873,.F.);
#2991=ADVANCED_FACE('',(#330),#2874,.F.);
#2992=ADVANCED_FACE('',(#331),#2875,.T.);
#2993=ADVANCED_FACE('',(#332,#120,#121,#122,#123,#124),#184,.T.);
#2994=ADVANCED_FACE('',(#333,#125,#126,#127,#128),#185,.F.);
#2995=ADVANCED_FACE('',(#334),#2876,.T.);
#2996=ADVANCED_FACE('',(#335),#186,.T.);
#2997=ADVANCED_FACE('',(#336),#2877,.F.);
#2998=ADVANCED_FACE('',(#337),#2878,.F.);
#2999=ADVANCED_FACE('',(#338),#2879,.F.);
#3000=ADVANCED_FACE('',(#339),#2880,.F.);
#3001=ADVANCED_FACE('',(#340),#2881,.T.);
#3002=ADVANCED_FACE('',(#341,#129,#130,#131,#132,#133),#187,.T.);
#3003=ADVANCED_FACE('',(#342,#134,#135,#136,#137),#188,.F.);
#3004=ADVANCED_FACE('',(#343),#2882,.F.);
#3005=ADVANCED_FACE('',(#344),#2883,.F.);
#3006=ADVANCED_FACE('',(#345),#2884,.F.);
#3007=ADVANCED_FACE('',(#346),#2885,.F.);
#3008=ADVANCED_FACE('',(#347),#189,.T.);
#3009=ADVANCED_FACE('',(#348),#2886,.T.);
#3010=ADVANCED_FACE('',(#349),#190,.T.);
#3011=ADVANCED_FACE('',(#350),#2887,.T.);
#3012=ADVANCED_FACE('',(#351),#191,.T.);
#3013=ADVANCED_FACE('',(#352),#2888,.T.);
#3014=ADVANCED_FACE('',(#353),#192,.T.);
#3015=ADVANCED_FACE('',(#354),#2889,.T.);
#3016=ADVANCED_FACE('',(#355,#138,#139,#140,#141),#193,.T.);
#3017=ADVANCED_FACE('',(#356,#142,#143,#144,#145),#194,.F.);
#3018=ADVANCED_FACE('',(#357),#2890,.F.);
#3019=ADVANCED_FACE('',(#358),#2891,.T.);
#3020=ADVANCED_FACE('',(#359),#195,.T.);
#3021=ADVANCED_FACE('',(#360),#2892,.T.);
#3022=ADVANCED_FACE('',(#361),#196,.T.);
#3023=ADVANCED_FACE('',(#362,#146),#197,.T.);
#3024=ADVANCED_FACE('',(#363,#147),#198,.F.);
#3025=ADVANCED_FACE('',(#364),#2893,.T.);
#3026=ADVANCED_FACE('',(#365),#199,.T.);
#3027=ADVANCED_FACE('',(#366),#200,.F.);
#3028=ADVANCED_FACE('',(#367),#2894,.F.);
#3029=ADVANCED_FACE('',(#368),#2895,.T.);
#3030=ADVANCED_FACE('',(#369),#201,.T.);
#3031=ADVANCED_FACE('',(#370),#2896,.T.);
#3032=ADVANCED_FACE('',(#371),#202,.T.);
#3033=ADVANCED_FACE('',(#372,#148),#203,.T.);
#3034=ADVANCED_FACE('',(#373,#149),#204,.F.);
#3035=ADVANCED_FACE('',(#374),#2897,.F.);
#3036=ADVANCED_FACE('',(#375),#205,.T.);
#3037=ADVANCED_FACE('',(#376),#2898,.T.);
#3038=ADVANCED_FACE('',(#377),#206,.T.);
#3039=ADVANCED_FACE('',(#378),#2899,.T.);
#3040=ADVANCED_FACE('',(#379,#150),#207,.T.);
#3041=ADVANCED_FACE('',(#380,#151),#208,.F.);
#3042=ADVANCED_FACE('',(#381),#209,.T.);
#3043=ADVANCED_FACE('',(#382),#210,.T.);
#3044=ADVANCED_FACE('',(#383),#211,.T.);
#3045=ADVANCED_FACE('',(#384),#212,.T.);
#3046=ADVANCED_FACE('',(#385),#213,.T.);
#3047=ADVANCED_FACE('',(#386),#214,.F.);
#3048=ADVANCED_FACE('',(#387),#215,.T.);
#3049=ADVANCED_FACE('',(#388),#216,.T.);
#3050=ADVANCED_FACE('',(#389),#217,.T.);
#3051=ADVANCED_FACE('',(#390),#218,.T.);
#3052=ADVANCED_FACE('',(#391),#219,.T.);
#3053=ADVANCED_FACE('',(#392),#220,.F.);
#3054=ADVANCED_FACE('',(#393),#221,.T.);
#3055=ADVANCED_FACE('',(#394),#222,.T.);
#3056=ADVANCED_FACE('',(#395),#223,.T.);
#3057=ADVANCED_FACE('',(#396),#224,.T.);
#3058=ADVANCED_FACE('',(#397),#225,.T.);
#3059=ADVANCED_FACE('',(#398),#226,.F.);
#3060=ADVANCED_FACE('',(#399),#227,.T.);
#3061=ADVANCED_FACE('',(#400),#228,.T.);
#3062=ADVANCED_FACE('',(#401),#229,.T.);
#3063=ADVANCED_FACE('',(#402),#230,.T.);
#3064=ADVANCED_FACE('',(#403),#231,.T.);
#3065=ADVANCED_FACE('',(#404),#232,.F.);
#3066=ADVANCED_FACE('',(#405),#233,.T.);
#3067=ADVANCED_FACE('',(#406),#234,.T.);
#3068=ADVANCED_FACE('',(#407),#235,.T.);
#3069=ADVANCED_FACE('',(#408),#236,.T.);
#3070=ADVANCED_FACE('',(#409),#237,.T.);
#3071=ADVANCED_FACE('',(#410),#238,.F.);
#3072=CLOSED_SHELL('',(#2900,#2901,#2902,#2903,#2904,#2905,#2906,#2907,
#2908,#2909,#2910,#2911,#2912,#2913,#2914,#2915,#2916,#2917,#2918,#2919,
#2920,#2921,#2922,#2923,#2924,#2925,#2926,#2927,#2928,#2929,#2930,#2931,
#2932,#2933,#2934,#2935,#2936,#2937,#2938,#2939,#2940,#2941,#2942,#2943,
#2944,#2945,#2946,#2947,#2948,#2949,#2950,#2951,#2952,#2953));
#3073=CLOSED_SHELL('',(#2954,#2955,#2956,#2957,#2958,#2959,#2960,#2961,
#2962,#2963,#2964,#2965,#2966,#2967));
#3074=CLOSED_SHELL('',(#2968,#2969,#2970,#2971,#2972,#2973,#2974,#2975,
#2976));
#3075=CLOSED_SHELL('',(#2977,#2978,#2979,#2980,#2981,#2982,#2983,#2984,
#2985));
#3076=CLOSED_SHELL('',(#2986,#2987,#2988,#2989,#2990,#2991,#2992,#2993,
#2994));
#3077=CLOSED_SHELL('',(#2995,#2996,#2997,#2998,#2999,#3000,#3001,#3002,
#3003));
#3078=CLOSED_SHELL('',(#3004,#3005,#3006,#3007,#3008,#3009,#3010,#3011,
#3012,#3013,#3014,#3015,#3016,#3017));
#3079=CLOSED_SHELL('',(#3018,#3019,#3020,#3021,#3022,#3023,#3024));
#3080=CLOSED_SHELL('',(#3025,#3026,#3027));
#3081=CLOSED_SHELL('',(#3028,#3029,#3030,#3031,#3032,#3033,#3034));
#3082=CLOSED_SHELL('',(#3035,#3036,#3037,#3038,#3039,#3040,#3041));
#3083=CLOSED_SHELL('',(#3042,#3043,#3044,#3045,#3046,#3047));
#3084=CLOSED_SHELL('',(#3048,#3049,#3050,#3051,#3052,#3053));
#3085=CLOSED_SHELL('',(#3054,#3055,#3056,#3057,#3058,#3059));
#3086=CLOSED_SHELL('',(#3060,#3061,#3062,#3063,#3064,#3065));
#3087=CLOSED_SHELL('',(#3066,#3067,#3068,#3069,#3070,#3071));
#3088=DERIVED_UNIT_ELEMENT(#3090,1.);
#3089=DERIVED_UNIT_ELEMENT(#5217,-3.);
#3090=(
MASS_UNIT()
NAMED_UNIT(*)
SI_UNIT(.KILO.,.GRAM.)
);
#3091=DERIVED_UNIT((#3088,#3089));
#3092=MEASURE_REPRESENTATION_ITEM('density measure',
POSITIVE_RATIO_MEASURE(7850.),#3091);
#3093=PROPERTY_DEFINITION_REPRESENTATION(#3098,#3095);
#3094=PROPERTY_DEFINITION_REPRESENTATION(#3099,#3096);
#3095=REPRESENTATION('material name',(#3097),#5214);
#3096=REPRESENTATION('density',(#3092),#5214);
#3097=DESCRIPTIVE_REPRESENTATION_ITEM('Steel','Steel');
#3098=PROPERTY_DEFINITION('material property','material name',#5224);
#3099=PROPERTY_DEFINITION('material property','density of part',#5224);
#3100=AXIS2_PLACEMENT_3D('',#4364,#3443,#3444);
#3101=AXIS2_PLACEMENT_3D('',#4365,#3445,#3446);
#3102=AXIS2_PLACEMENT_3D('',#4368,#3447,#3448);
#3103=AXIS2_PLACEMENT_3D('',#4372,#3450,#3451);
#3104=AXIS2_PLACEMENT_3D('',#4374,#3453,#3454);
#3105=AXIS2_PLACEMENT_3D('',#4380,#3458,#3459);
#3106=AXIS2_PLACEMENT_3D('',#4382,#3460,#3461);
#3107=AXIS2_PLACEMENT_3D('',#4384,#3462,#3463);
#3108=AXIS2_PLACEMENT_3D('',#4386,#3465,#3466);
#3109=AXIS2_PLACEMENT_3D('',#4392,#3470,#3471);
#3110=AXIS2_PLACEMENT_3D('',#4395,#3472,#3473);
#3111=AXIS2_PLACEMENT_3D('',#4399,#3475,#3476);
#3112=AXIS2_PLACEMENT_3D('',#4401,#3478,#3479);
#3113=AXIS2_PLACEMENT_3D('',#4404,#3482,#3483);
#3114=AXIS2_PLACEMENT_3D('',#4406,#3484,#3485);
#3115=AXIS2_PLACEMENT_3D('',#4408,#3486,#3487);
#3116=AXIS2_PLACEMENT_3D('',#4410,#3489,#3490);
#3117=AXIS2_PLACEMENT_3D('',#4413,#3493,#3494);
#3118=AXIS2_PLACEMENT_3D('',#4415,#3495,#3496);
#3119=AXIS2_PLACEMENT_3D('',#4417,#3497,#3498);
#3120=AXIS2_PLACEMENT_3D('',#4419,#3499,#3500);
#3121=AXIS2_PLACEMENT_3D('',#4421,#3501,#3502);
#3122=AXIS2_PLACEMENT_3D('',#4422,#3503,#3504);
#3123=AXIS2_PLACEMENT_3D('',#4425,#3505,#3506);
#3124=AXIS2_PLACEMENT_3D('',#4429,#3508,#3509);
#3125=AXIS2_PLACEMENT_3D('',#4431,#3511,#3512);
#3126=AXIS2_PLACEMENT_3D('',#4433,#3513,#3514);
#3127=AXIS2_PLACEMENT_3D('',#4436,#3516,#3517);
#3128=AXIS2_PLACEMENT_3D('',#4437,#3518,#3519);
#3129=AXIS2_PLACEMENT_3D('',#4440,#3520,#3521);
#3130=AXIS2_PLACEMENT_3D('',#4444,#3523,#3524);
#3131=AXIS2_PLACEMENT_3D('',#4446,#3526,#3527);
#3132=AXIS2_PLACEMENT_3D('',#4448,#3528,#3529);
#3133=AXIS2_PLACEMENT_3D('',#4451,#3531,#3532);
#3134=AXIS2_PLACEMENT_3D('',#4452,#3533,#3534);
#3135=AXIS2_PLACEMENT_3D('',#4454,#3535,#3536);
#3136=AXIS2_PLACEMENT_3D('',#4457,#3538,#3539);
#3137=AXIS2_PLACEMENT_3D('',#4458,#3540,#3541);
#3138=AXIS2_PLACEMENT_3D('',#4464,#3545,#3546);
#3139=AXIS2_PLACEMENT_3D('',#4466,#3547,#3548);
#3140=AXIS2_PLACEMENT_3D('',#4469,#3550,#3551);
#3141=AXIS2_PLACEMENT_3D('',#4470,#3552,#3553);
#3142=AXIS2_PLACEMENT_3D('',#4476,#3557,#3558);
#3143=AXIS2_PLACEMENT_3D('',#4478,#3559,#3560);
#3144=AXIS2_PLACEMENT_3D('',#4481,#3562,#3563);
#3145=AXIS2_PLACEMENT_3D('',#4482,#3564,#3565);
#3146=AXIS2_PLACEMENT_3D('',#4488,#3569,#3570);
#3147=AXIS2_PLACEMENT_3D('',#4491,#3571,#3572);
#3148=AXIS2_PLACEMENT_3D('',#4495,#3574,#3575);
#3149=AXIS2_PLACEMENT_3D('',#4497,#3577,#3578);
#3150=AXIS2_PLACEMENT_3D('',#4500,#3581,#3582);
#3151=AXIS2_PLACEMENT_3D('',#4502,#3583,#3584);
#3152=AXIS2_PLACEMENT_3D('',#4505,#3586,#3587);
#3153=AXIS2_PLACEMENT_3D('',#4506,#3588,#3589);
#3154=AXIS2_PLACEMENT_3D('',#4512,#3593,#3594);
#3155=AXIS2_PLACEMENT_3D('',#4515,#3596,#3597);
#3156=AXIS2_PLACEMENT_3D('',#4516,#3598,#3599);
#3157=AXIS2_PLACEMENT_3D('',#4519,#3601,#3602);
#3158=AXIS2_PLACEMENT_3D('',#4520,#3603,#3604);
#3159=AXIS2_PLACEMENT_3D('',#4523,#3606,#3607);
#3160=AXIS2_PLACEMENT_3D('',#4524,#3608,#3609);
#3161=AXIS2_PLACEMENT_3D('',#4527,#3611,#3612);
#3162=AXIS2_PLACEMENT_3D('',#4528,#3613,#3614);
#3163=AXIS2_PLACEMENT_3D('',#4534,#3617,#3618);
#3164=AXIS2_PLACEMENT_3D('',#4543,#3623,#3624);
#3165=AXIS2_PLACEMENT_3D('',#4546,#3626,#3627);
#3166=AXIS2_PLACEMENT_3D('',#4548,#3628,#3629);
#3167=AXIS2_PLACEMENT_3D('',#4550,#3630,#3631);
#3168=AXIS2_PLACEMENT_3D('',#4552,#3632,#3633);
#3169=AXIS2_PLACEMENT_3D('',#4554,#3634,#3635);
#3170=AXIS2_PLACEMENT_3D('',#4556,#3636,#3637);
#3171=AXIS2_PLACEMENT_3D('',#4558,#3638,#3639);
#3172=AXIS2_PLACEMENT_3D('',#4560,#3640,#3641);
#3173=AXIS2_PLACEMENT_3D('',#4562,#3642,#3643);
#3174=AXIS2_PLACEMENT_3D('',#4564,#3644,#3645);
#3175=AXIS2_PLACEMENT_3D('',#4566,#3646,#3647);
#3176=AXIS2_PLACEMENT_3D('',#4568,#3648,#3649);
#3177=AXIS2_PLACEMENT_3D('',#4570,#3650,#3651);
#3178=AXIS2_PLACEMENT_3D('',#4572,#3652,#3653);
#3179=AXIS2_PLACEMENT_3D('',#4574,#3654,#3655);
#3180=AXIS2_PLACEMENT_3D('',#4576,#3656,#3657);
#3181=AXIS2_PLACEMENT_3D('',#4577,#3658,#3659);
#3182=AXIS2_PLACEMENT_3D('',#4579,#3660,#3661);
#3183=AXIS2_PLACEMENT_3D('',#4581,#3663,#3664);
#3184=AXIS2_PLACEMENT_3D('',#4583,#3665,#3666);
#3185=AXIS2_PLACEMENT_3D('',#4585,#3668,#3669);
#3186=AXIS2_PLACEMENT_3D('',#4587,#3670,#3671);
#3187=AXIS2_PLACEMENT_3D('',#4589,#3673,#3674);
#3188=AXIS2_PLACEMENT_3D('',#4591,#3675,#3676);
#3189=AXIS2_PLACEMENT_3D('',#4593,#3678,#3679);
#3190=AXIS2_PLACEMENT_3D('',#4595,#3680,#3681);
#3191=AXIS2_PLACEMENT_3D('',#4597,#3683,#3684);
#3192=AXIS2_PLACEMENT_3D('',#4599,#3685,#3686);
#3193=AXIS2_PLACEMENT_3D('',#4601,#3688,#3689);
#3194=AXIS2_PLACEMENT_3D('',#4603,#3690,#3691);
#3195=AXIS2_PLACEMENT_3D('',#4605,#3693,#3694);
#3196=AXIS2_PLACEMENT_3D('',#4607,#3695,#3696);
#3197=AXIS2_PLACEMENT_3D('',#4609,#3698,#3699);
#3198=AXIS2_PLACEMENT_3D('',#4611,#3700,#3701);
#3199=AXIS2_PLACEMENT_3D('',#4613,#3703,#3704);
#3200=AXIS2_PLACEMENT_3D('',#4615,#3705,#3706);
#3201=AXIS2_PLACEMENT_3D('',#4617,#3708,#3709);
#3202=AXIS2_PLACEMENT_3D('',#4619,#3710,#3711);
#3203=AXIS2_PLACEMENT_3D('',#4621,#3713,#3714);
#3204=AXIS2_PLACEMENT_3D('',#4623,#3715,#3716);
#3205=AXIS2_PLACEMENT_3D('',#4625,#3718,#3719);
#3206=AXIS2_PLACEMENT_3D('',#4627,#3720,#3721);
#3207=AXIS2_PLACEMENT_3D('',#4629,#3723,#3724);
#3208=AXIS2_PLACEMENT_3D('',#4631,#3725,#3726);
#3209=AXIS2_PLACEMENT_3D('',#4633,#3728,#3729);
#3210=AXIS2_PLACEMENT_3D('',#4635,#3730,#3731);
#3211=AXIS2_PLACEMENT_3D('',#4637,#3733,#3734);
#3212=AXIS2_PLACEMENT_3D('',#4639,#3735,#3736);
#3213=AXIS2_PLACEMENT_3D('',#4641,#3738,#3739);
#3214=AXIS2_PLACEMENT_3D('',#4645,#3742,#3743);
#3215=AXIS2_PLACEMENT_3D('',#4649,#3746,#3747);
#3216=AXIS2_PLACEMENT_3D('',#4653,#3750,#3751);
#3217=AXIS2_PLACEMENT_3D('',#4655,#3752,#3753);
#3218=AXIS2_PLACEMENT_3D('',#4657,#3755,#3756);
#3219=AXIS2_PLACEMENT_3D('',#4659,#3758,#3759);
#3220=AXIS2_PLACEMENT_3D('',#4663,#3762,#3763);
#3221=AXIS2_PLACEMENT_3D('',#4667,#3766,#3767);
#3222=AXIS2_PLACEMENT_3D('',#4671,#3770,#3771);
#3223=AXIS2_PLACEMENT_3D('',#4672,#3772,#3773);
#3224=AXIS2_PLACEMENT_3D('',#4673,#3774,#3775);
#3225=AXIS2_PLACEMENT_3D('',#4674,#3776,#3777);
#3226=AXIS2_PLACEMENT_3D('',#4676,#3778,#3779);
#3227=AXIS2_PLACEMENT_3D('',#4679,#3781,#3782);
#3228=AXIS2_PLACEMENT_3D('',#4680,#3783,#3784);
#3229=AXIS2_PLACEMENT_3D('',#4682,#3785,#3786);
#3230=AXIS2_PLACEMENT_3D('',#4685,#3788,#3789);
#3231=AXIS2_PLACEMENT_3D('',#4686,#3790,#3791);
#3232=AXIS2_PLACEMENT_3D('',#4688,#3792,#3793);
#3233=AXIS2_PLACEMENT_3D('',#4691,#3795,#3796);
#3234=AXIS2_PLACEMENT_3D('',#4692,#3797,#3798);
#3235=AXIS2_PLACEMENT_3D('',#4694,#3799,#3800);
#3236=AXIS2_PLACEMENT_3D('',#4697,#3802,#3803);
#3237=AXIS2_PLACEMENT_3D('',#4698,#3804,#3805);
#3238=AXIS2_PLACEMENT_3D('',#4700,#3806,#3807);
#3239=AXIS2_PLACEMENT_3D('',#4703,#3809,#3810);
#3240=AXIS2_PLACEMENT_3D('',#4704,#3811,#3812);
#3241=AXIS2_PLACEMENT_3D('',#4706,#3813,#3814);
#3242=AXIS2_PLACEMENT_3D('',#4709,#3816,#3817);
#3243=AXIS2_PLACEMENT_3D('',#4710,#3818,#3819);
#3244=AXIS2_PLACEMENT_3D('',#4712,#3820,#3821);
#3245=AXIS2_PLACEMENT_3D('',#4715,#3823,#3824);
#3246=AXIS2_PLACEMENT_3D('',#4716,#3825,#3826);
#3247=AXIS2_PLACEMENT_3D('',#4718,#3827,#3828);
#3248=AXIS2_PLACEMENT_3D('',#4721,#3830,#3831);
#3249=AXIS2_PLACEMENT_3D('',#4722,#3832,#3833);
#3250=AXIS2_PLACEMENT_3D('',#4731,#3838,#3839);
#3251=AXIS2_PLACEMENT_3D('',#4737,#3843,#3844);
#3252=AXIS2_PLACEMENT_3D('',#4743,#3848,#3849);
#3253=AXIS2_PLACEMENT_3D('',#4746,#3852,#3853);
#3254=AXIS2_PLACEMENT_3D('',#4747,#3854,#3855);
#3255=AXIS2_PLACEMENT_3D('',#4748,#3856,#3857);
#3256=AXIS2_PLACEMENT_3D('',#4750,#3858,#3859);
#3257=AXIS2_PLACEMENT_3D('',#4753,#3861,#3862);
#3258=AXIS2_PLACEMENT_3D('',#4754,#3863,#3864);
#3259=AXIS2_PLACEMENT_3D('',#4755,#3865,#3866);
#3260=AXIS2_PLACEMENT_3D('',#4757,#3867,#3868);
#3261=AXIS2_PLACEMENT_3D('',#4760,#3870,#3871);
#3262=AXIS2_PLACEMENT_3D('',#4761,#3872,#3873);
#3263=AXIS2_PLACEMENT_3D('',#4763,#3874,#3875);
#3264=AXIS2_PLACEMENT_3D('',#4766,#3877,#3878);
#3265=AXIS2_PLACEMENT_3D('',#4767,#3879,#3880);
#3266=AXIS2_PLACEMENT_3D('',#4769,#3881,#3882);
#3267=AXIS2_PLACEMENT_3D('',#4772,#3884,#3885);
#3268=AXIS2_PLACEMENT_3D('',#4773,#3886,#3887);
#3269=AXIS2_PLACEMENT_3D('',#4775,#3888,#3889);
#3270=AXIS2_PLACEMENT_3D('',#4778,#3891,#3892);
#3271=AXIS2_PLACEMENT_3D('',#4779,#3893,#3894);
#3272=AXIS2_PLACEMENT_3D('',#4781,#3895,#3896);
#3273=AXIS2_PLACEMENT_3D('',#4784,#3898,#3899);
#3274=AXIS2_PLACEMENT_3D('',#4785,#3900,#3901);
#3275=AXIS2_PLACEMENT_3D('',#4786,#3902,#3903);
#3276=AXIS2_PLACEMENT_3D('',#4787,#3904,#3905);
#3277=AXIS2_PLACEMENT_3D('',#4789,#3906,#3907);
#3278=AXIS2_PLACEMENT_3D('',#4792,#3909,#3910);
#3279=AXIS2_PLACEMENT_3D('',#4793,#3911,#3912);
#3280=AXIS2_PLACEMENT_3D('',#4794,#3913,#3914);
#3281=AXIS2_PLACEMENT_3D('',#4796,#3915,#3916);
#3282=AXIS2_PLACEMENT_3D('',#4799,#3918,#3919);
#3283=AXIS2_PLACEMENT_3D('',#4800,#3920,#3921);
#3284=AXIS2_PLACEMENT_3D('',#4802,#3922,#3923);
#3285=AXIS2_PLACEMENT_3D('',#4805,#3925,#3926);
#3286=AXIS2_PLACEMENT_3D('',#4806,#3927,#3928);
#3287=AXIS2_PLACEMENT_3D('',#4808,#3929,#3930);
#3288=AXIS2_PLACEMENT_3D('',#4811,#3932,#3933);
#3289=AXIS2_PLACEMENT_3D('',#4812,#3934,#3935);
#3290=AXIS2_PLACEMENT_3D('',#4814,#3936,#3937);
#3291=AXIS2_PLACEMENT_3D('',#4817,#3939,#3940);
#3292=AXIS2_PLACEMENT_3D('',#4818,#3941,#3942);
#3293=AXIS2_PLACEMENT_3D('',#4820,#3943,#3944);
#3294=AXIS2_PLACEMENT_3D('',#4823,#3946,#3947);
#3295=AXIS2_PLACEMENT_3D('',#4824,#3948,#3949);
#3296=AXIS2_PLACEMENT_3D('',#4825,#3950,#3951);
#3297=AXIS2_PLACEMENT_3D('',#4826,#3952,#3953);
#3298=AXIS2_PLACEMENT_3D('',#4828,#3954,#3955);
#3299=AXIS2_PLACEMENT_3D('',#4831,#3957,#3958);
#3300=AXIS2_PLACEMENT_3D('',#4832,#3959,#3960);
#3301=AXIS2_PLACEMENT_3D('',#4833,#3961,#3962);
#3302=AXIS2_PLACEMENT_3D('',#4835,#3963,#3964);
#3303=AXIS2_PLACEMENT_3D('',#4838,#3966,#3967);
#3304=AXIS2_PLACEMENT_3D('',#4839,#3968,#3969);
#3305=AXIS2_PLACEMENT_3D('',#4841,#3970,#3971);
#3306=AXIS2_PLACEMENT_3D('',#4844,#3973,#3974);
#3307=AXIS2_PLACEMENT_3D('',#4845,#3975,#3976);
#3308=AXIS2_PLACEMENT_3D('',#4847,#3977,#3978);
#3309=AXIS2_PLACEMENT_3D('',#4850,#3980,#3981);
#3310=AXIS2_PLACEMENT_3D('',#4851,#3982,#3983);
#3311=AXIS2_PLACEMENT_3D('',#4853,#3984,#3985);
#3312=AXIS2_PLACEMENT_3D('',#4856,#3987,#3988);
#3313=AXIS2_PLACEMENT_3D('',#4857,#3989,#3990);
#3314=AXIS2_PLACEMENT_3D('',#4859,#3991,#3992);
#3315=AXIS2_PLACEMENT_3D('',#4862,#3994,#3995);
#3316=AXIS2_PLACEMENT_3D('',#4863,#3996,#3997);
#3317=AXIS2_PLACEMENT_3D('',#4864,#3998,#3999);
#3318=AXIS2_PLACEMENT_3D('',#4865,#4000,#4001);
#3319=AXIS2_PLACEMENT_3D('',#4867,#4002,#4003);
#3320=AXIS2_PLACEMENT_3D('',#4870,#4005,#4006);
#3321=AXIS2_PLACEMENT_3D('',#4871,#4007,#4008);
#3322=AXIS2_PLACEMENT_3D('',#4872,#4009,#4010);
#3323=AXIS2_PLACEMENT_3D('',#4874,#4011,#4012);
#3324=AXIS2_PLACEMENT_3D('',#4877,#4014,#4015);
#3325=AXIS2_PLACEMENT_3D('',#4878,#4016,#4017);
#3326=AXIS2_PLACEMENT_3D('',#4880,#4018,#4019);
#3327=AXIS2_PLACEMENT_3D('',#4883,#4021,#4022);
#3328=AXIS2_PLACEMENT_3D('',#4884,#4023,#4024);
#3329=AXIS2_PLACEMENT_3D('',#4886,#4025,#4026);
#3330=AXIS2_PLACEMENT_3D('',#4889,#4028,#4029);
#3331=AXIS2_PLACEMENT_3D('',#4890,#4030,#4031);
#3332=AXIS2_PLACEMENT_3D('',#4892,#4032,#4033);
#3333=AXIS2_PLACEMENT_3D('',#4895,#4035,#4036);
#3334=AXIS2_PLACEMENT_3D('',#4896,#4037,#4038);
#3335=AXIS2_PLACEMENT_3D('',#4898,#4039,#4040);
#3336=AXIS2_PLACEMENT_3D('',#4901,#4042,#4043);
#3337=AXIS2_PLACEMENT_3D('',#4902,#4044,#4045);
#3338=AXIS2_PLACEMENT_3D('',#4903,#4046,#4047);
#3339=AXIS2_PLACEMENT_3D('',#4904,#4048,#4049);
#3340=AXIS2_PLACEMENT_3D('',#4906,#4050,#4051);
#3341=AXIS2_PLACEMENT_3D('',#4909,#4053,#4054);
#3342=AXIS2_PLACEMENT_3D('',#4910,#4055,#4056);
#3343=AXIS2_PLACEMENT_3D('',#4912,#4057,#4058);
#3344=AXIS2_PLACEMENT_3D('',#4915,#4060,#4061);
#3345=AXIS2_PLACEMENT_3D('',#4916,#4062,#4063);
#3346=AXIS2_PLACEMENT_3D('',#4918,#4064,#4065);
#3347=AXIS2_PLACEMENT_3D('',#4921,#4067,#4068);
#3348=AXIS2_PLACEMENT_3D('',#4922,#4069,#4070);
#3349=AXIS2_PLACEMENT_3D('',#4924,#4071,#4072);
#3350=AXIS2_PLACEMENT_3D('',#4927,#4074,#4075);
#3351=AXIS2_PLACEMENT_3D('',#4928,#4076,#4077);
#3352=AXIS2_PLACEMENT_3D('',#4937,#4082,#4083);
#3353=AXIS2_PLACEMENT_3D('',#4939,#4084,#4085);
#3354=AXIS2_PLACEMENT_3D('',#4941,#4086,#4087);
#3355=AXIS2_PLACEMENT_3D('',#4943,#4089,#4090);
#3356=AXIS2_PLACEMENT_3D('',#4949,#4094,#4095);
#3357=AXIS2_PLACEMENT_3D('',#4951,#4096,#4097);
#3358=AXIS2_PLACEMENT_3D('',#4953,#4098,#4099);
#3359=AXIS2_PLACEMENT_3D('',#4955,#4101,#4102);
#3360=AXIS2_PLACEMENT_3D('',#4961,#4106,#4107);
#3361=AXIS2_PLACEMENT_3D('',#4963,#4108,#4109);
#3362=AXIS2_PLACEMENT_3D('',#4965,#4110,#4111);
#3363=AXIS2_PLACEMENT_3D('',#4967,#4113,#4114);
#3364=AXIS2_PLACEMENT_3D('',#4973,#4118,#4119);
#3365=AXIS2_PLACEMENT_3D('',#4974,#4120,#4121);
#3366=AXIS2_PLACEMENT_3D('',#4975,#4122,#4123);
#3367=AXIS2_PLACEMENT_3D('',#4976,#4124,#4125);
#3368=AXIS2_PLACEMENT_3D('',#4977,#4126,#4127);
#3369=AXIS2_PLACEMENT_3D('',#4978,#4128,#4129);
#3370=AXIS2_PLACEMENT_3D('',#4980,#4130,#4131);
#3371=AXIS2_PLACEMENT_3D('',#4983,#4133,#4134);
#3372=AXIS2_PLACEMENT_3D('',#4984,#4135,#4136);
#3373=AXIS2_PLACEMENT_3D('',#4987,#4137,#4138);
#3374=AXIS2_PLACEMENT_3D('',#4991,#4140,#4141);
#3375=AXIS2_PLACEMENT_3D('',#4993,#4143,#4144);
#3376=AXIS2_PLACEMENT_3D('',#4999,#4148,#4149);
#3377=AXIS2_PLACEMENT_3D('',#5001,#4150,#4151);
#3378=AXIS2_PLACEMENT_3D('',#5003,#4152,#4153);
#3379=AXIS2_PLACEMENT_3D('',#5005,#4155,#4156);
#3380=AXIS2_PLACEMENT_3D('',#5008,#4159,#4160);
#3381=AXIS2_PLACEMENT_3D('',#5009,#4161,#4162);
#3382=AXIS2_PLACEMENT_3D('',#5010,#4163,#4164);
#3383=AXIS2_PLACEMENT_3D('',#5012,#4165,#4166);
#3384=AXIS2_PLACEMENT_3D('',#5015,#4168,#4169);
#3385=AXIS2_PLACEMENT_3D('',#5016,#4170,#4171);
#3386=AXIS2_PLACEMENT_3D('',#5017,#4172,#4173);
#3387=AXIS2_PLACEMENT_3D('',#5018,#4174,#4175);
#3388=AXIS2_PLACEMENT_3D('',#5020,#4176,#4177);
#3389=AXIS2_PLACEMENT_3D('',#5023,#4179,#4180);
#3390=AXIS2_PLACEMENT_3D('',#5024,#4181,#4182);
#3391=AXIS2_PLACEMENT_3D('',#5027,#4183,#4184);
#3392=AXIS2_PLACEMENT_3D('',#5031,#4186,#4187);
#3393=AXIS2_PLACEMENT_3D('',#5033,#4189,#4190);
#3394=AXIS2_PLACEMENT_3D('',#5039,#4194,#4195);
#3395=AXIS2_PLACEMENT_3D('',#5041,#4196,#4197);
#3396=AXIS2_PLACEMENT_3D('',#5043,#4198,#4199);
#3397=AXIS2_PLACEMENT_3D('',#5045,#4201,#4202);
#3398=AXIS2_PLACEMENT_3D('',#5048,#4205,#4206);
#3399=AXIS2_PLACEMENT_3D('',#5049,#4207,#4208);
#3400=AXIS2_PLACEMENT_3D('',#5050,#4209,#4210);
#3401=AXIS2_PLACEMENT_3D('',#5052,#4211,#4212);
#3402=AXIS2_PLACEMENT_3D('',#5055,#4214,#4215);
#3403=AXIS2_PLACEMENT_3D('',#5056,#4216,#4217);
#3404=AXIS2_PLACEMENT_3D('',#5065,#4222,#4223);
#3405=AXIS2_PLACEMENT_3D('',#5067,#4224,#4225);
#3406=AXIS2_PLACEMENT_3D('',#5069,#4226,#4227);
#3407=AXIS2_PLACEMENT_3D('',#5071,#4229,#4230);
#3408=AXIS2_PLACEMENT_3D('',#5077,#4234,#4235);
#3409=AXIS2_PLACEMENT_3D('',#5078,#4236,#4237);
#3410=AXIS2_PLACEMENT_3D('',#5079,#4238,#4239);
#3411=AXIS2_PLACEMENT_3D('',#5080,#4240,#4241);
#3412=AXIS2_PLACEMENT_3D('',#5081,#4242,#4243);
#3413=AXIS2_PLACEMENT_3D('',#5082,#4244,#4245);
#3414=AXIS2_PLACEMENT_3D('',#5091,#4250,#4251);
#3415=AXIS2_PLACEMENT_3D('',#5097,#4255,#4256);
#3416=AXIS2_PLACEMENT_3D('',#5103,#4260,#4261);
#3417=AXIS2_PLACEMENT_3D('',#5106,#4264,#4265);
#3418=AXIS2_PLACEMENT_3D('',#5107,#4266,#4267);
#3419=AXIS2_PLACEMENT_3D('',#5108,#4268,#4269);
#3420=AXIS2_PLACEMENT_3D('',#5117,#4274,#4275);
#3421=AXIS2_PLACEMENT_3D('',#5123,#4279,#4280);
#3422=AXIS2_PLACEMENT_3D('',#5129,#4284,#4285);
#3423=AXIS2_PLACEMENT_3D('',#5132,#4288,#4289);
#3424=AXIS2_PLACEMENT_3D('',#5133,#4290,#4291);
#3425=AXIS2_PLACEMENT_3D('',#5134,#4292,#4293);
#3426=AXIS2_PLACEMENT_3D('',#5143,#4298,#4299);
#3427=AXIS2_PLACEMENT_3D('',#5149,#4303,#4304);
#3428=AXIS2_PLACEMENT_3D('',#5155,#4308,#4309);
#3429=AXIS2_PLACEMENT_3D('',#5158,#4312,#4313);
#3430=AXIS2_PLACEMENT_3D('',#5159,#4314,#4315);
#3431=AXIS2_PLACEMENT_3D('',#5160,#4316,#4317);
#3432=AXIS2_PLACEMENT_3D('',#5169,#4322,#4323);
#3433=AXIS2_PLACEMENT_3D('',#5175,#4327,#4328);
#3434=AXIS2_PLACEMENT_3D('',#5181,#4332,#4333);
#3435=AXIS2_PLACEMENT_3D('',#5184,#4336,#4337);
#3436=AXIS2_PLACEMENT_3D('',#5185,#4338,#4339);
#3437=AXIS2_PLACEMENT_3D('',#5186,#4340,#4341);
#3438=AXIS2_PLACEMENT_3D('',#5195,#4346,#4347);
#3439=AXIS2_PLACEMENT_3D('',#5201,#4351,#4352);
#3440=AXIS2_PLACEMENT_3D('',#5207,#4356,#4357);
#3441=AXIS2_PLACEMENT_3D('',#5210,#4360,#4361);
#3442=AXIS2_PLACEMENT_3D('',#5211,#4362,#4363);
#3443=DIRECTION('axis',(0.,0.,1.));
#3444=DIRECTION('refdir',(1.,0.,0.));
#3445=DIRECTION('center_axis',(0.,0.,-1.));
#3446=DIRECTION('ref_axis',(-0.707106781186547,-0.707106781186547,0.));
#3447=DIRECTION('center_axis',(0.,0.,1.));
#3448=DIRECTION('ref_axis',(-0.707106781186547,-0.707106781186547,0.));
#3449=DIRECTION('',(0.,0.,1.));
#3450=DIRECTION('center_axis',(0.,0.,1.));
#3451=DIRECTION('ref_axis',(-0.707106781186547,-0.707106781186547,0.));
#3452=DIRECTION('',(0.,0.,-1.));
#3453=DIRECTION('center_axis',(6.00120553851436E-17,-1.,0.));
#3454=DIRECTION('ref_axis',(-1.,-6.00120553851436E-17,0.));
#3455=DIRECTION('',(-1.,-6.00120553851436E-17,0.));
#3456=DIRECTION('',(0.,0.,1.));
#3457=DIRECTION('',(-1.,-6.00120553851436E-17,0.));
#3458=DIRECTION('center_axis',(0.,0.,-1.));
#3459=DIRECTION('ref_axis',(0.707106781186547,-0.707106781186547,0.));
#3460=DIRECTION('center_axis',(0.,0.,1.));
#3461=DIRECTION('ref_axis',(0.707106781186547,-0.707106781186547,0.));
#3462=DIRECTION('center_axis',(0.,0.,1.));
#3463=DIRECTION('ref_axis',(0.707106781186547,-0.707106781186547,0.));
#3464=DIRECTION('',(0.,0.,-1.));
#3465=DIRECTION('center_axis',(1.,0.,0.));
#3466=DIRECTION('ref_axis',(0.,-1.,0.));
#3467=DIRECTION('',(0.,-1.,0.));
#3468=DIRECTION('',(0.,0.,1.));
#3469=DIRECTION('',(0.,-1.,0.));
#3470=DIRECTION('center_axis',(0.,0.,-1.));
#3471=DIRECTION('ref_axis',(-0.707106781186547,0.707106781186547,0.));
#3472=DIRECTION('center_axis',(0.,0.,1.));
#3473=DIRECTION('ref_axis',(-0.707106781186547,0.707106781186547,0.));
#3474=DIRECTION('',(0.,0.,1.));
#3475=DIRECTION('center_axis',(0.,0.,1.));
#3476=DIRECTION('ref_axis',(-0.707106781186547,0.707106781186547,0.));
#3477=DIRECTION('',(0.,0.,-1.));
#3478=DIRECTION('center_axis',(-1.,-1.20024110770287E-16,0.));
#3479=DIRECTION('ref_axis',(-1.20024110770287E-16,1.,0.));
#3480=DIRECTION('',(-1.20024110770287E-16,1.,0.));
#3481=DIRECTION('',(-1.20024110770287E-16,1.,0.));
#3482=DIRECTION('center_axis',(0.,0.,-1.));
#3483=DIRECTION('ref_axis',(0.707106781186547,0.707106781186547,0.));
#3484=DIRECTION('center_axis',(0.,0.,1.));
#3485=DIRECTION('ref_axis',(0.707106781186547,0.707106781186547,0.));
#3486=DIRECTION('center_axis',(0.,0.,1.));
#3487=DIRECTION('ref_axis',(0.707106781186547,0.707106781186547,0.));
#3488=DIRECTION('',(0.,0.,-1.));
#3489=DIRECTION('center_axis',(-6.00120553851436E-17,1.,0.));
#3490=DIRECTION('ref_axis',(1.,6.00120553851436E-17,0.));
#3491=DIRECTION('',(1.,6.00120553851436E-17,0.));
#3492=DIRECTION('',(1.,6.00120553851436E-17,0.));
#3493=DIRECTION('center_axis',(0.,0.,1.));
#3494=DIRECTION('ref_axis',(-1.,0.,0.));
#3495=DIRECTION('center_axis',(0.,0.,1.));
#3496=DIRECTION('ref_axis',(-1.,0.,0.));
#3497=DIRECTION('center_axis',(0.,0.,1.));
#3498=DIRECTION('ref_axis',(-1.,0.,0.));
#3499=DIRECTION('center_axis',(0.,0.,1.));
#3500=DIRECTION('ref_axis',(-1.,0.,0.));
#3501=DIRECTION('center_axis',(0.,0.,1.));
#3502=DIRECTION('ref_axis',(-1.,0.,0.));
#3503=DIRECTION('center_axis',(0.,0.,1.));
#3504=DIRECTION('ref_axis',(0.941113493644595,0.338090804489068,0.));
#3505=DIRECTION('center_axis',(0.,0.,-1.));
#3506=DIRECTION('ref_axis',(0.941113493644595,0.338090804489068,0.));
#3507=DIRECTION('',(0.,0.,1.));
#3508=DIRECTION('center_axis',(0.,0.,1.));
#3509=DIRECTION('ref_axis',(0.941113493644595,0.338090804489068,0.));
#3510=DIRECTION('',(0.,0.,-1.));
#3511=DIRECTION('center_axis',(0.,0.,1.));
#3512=DIRECTION('ref_axis',(0.707106781186547,-0.707106781186548,0.));
#3513=DIRECTION('center_axis',(0.,0.,1.));
#3514=DIRECTION('ref_axis',(1.,0.,0.));
#3515=DIRECTION('',(0.,0.,-1.));
#3516=DIRECTION('center_axis',(0.,0.,1.));
#3517=DIRECTION('ref_axis',(1.,0.,0.));
#3518=DIRECTION('center_axis',(0.,0.,1.));
#3519=DIRECTION('ref_axis',(-0.941113493644595,-0.338090804489067,0.));
#3520=DIRECTION('center_axis',(0.,0.,-1.));
#3521=DIRECTION('ref_axis',(-0.941113493644595,-0.338090804489067,0.));
#3522=DIRECTION('',(0.,0.,1.));
#3523=DIRECTION('center_axis',(0.,0.,1.));
#3524=DIRECTION('ref_axis',(-0.941113493644595,-0.338090804489067,0.));
#3525=DIRECTION('',(0.,0.,-1.));
#3526=DIRECTION('center_axis',(0.,0.,1.));
#3527=DIRECTION('ref_axis',(-0.707106781186546,0.707106781186549,0.));
#3528=DIRECTION('center_axis',(0.,0.,1.));
#3529=DIRECTION('ref_axis',(1.,0.,0.));
#3530=DIRECTION('',(0.,0.,-1.));
#3531=DIRECTION('center_axis',(0.,0.,1.));
#3532=DIRECTION('ref_axis',(1.,0.,0.));
#3533=DIRECTION('center_axis',(0.,0.,1.));
#3534=DIRECTION('ref_axis',(0.338090804489068,0.941113493644595,0.));
#3535=DIRECTION('center_axis',(0.,0.,-1.));
#3536=DIRECTION('ref_axis',(0.338090804489068,0.941113493644595,0.));
#3537=DIRECTION('',(0.,0.,1.));
#3538=DIRECTION('center_axis',(0.,0.,1.));
#3539=DIRECTION('ref_axis',(0.338090804489068,0.941113493644595,0.));
#3540=DIRECTION('center_axis',(-0.707106781186547,-0.707106781186548,0.));
#3541=DIRECTION('ref_axis',(0.707106781186548,-0.707106781186547,0.));
#3542=DIRECTION('',(-0.707106781186548,0.707106781186547,0.));
#3543=DIRECTION('',(0.,0.,-1.));
#3544=DIRECTION('',(0.707106781186548,-0.707106781186547,0.));
#3545=DIRECTION('center_axis',(0.,0.,1.));
#3546=DIRECTION('ref_axis',(-0.338090804489067,-0.941113493644595,0.));
#3547=DIRECTION('center_axis',(0.,0.,-1.));
#3548=DIRECTION('ref_axis',(-0.338090804489067,-0.941113493644595,0.));
#3549=DIRECTION('',(0.,0.,1.));
#3550=DIRECTION('center_axis',(0.,0.,1.));
#3551=DIRECTION('ref_axis',(-0.338090804489067,-0.941113493644595,0.));
#3552=DIRECTION('center_axis',(0.707106781186547,0.707106781186548,0.));
#3553=DIRECTION('ref_axis',(-0.707106781186548,0.707106781186547,0.));
#3554=DIRECTION('',(-0.707106781186548,0.707106781186547,0.));
#3555=DIRECTION('',(0.,0.,-1.));
#3556=DIRECTION('',(-0.707106781186548,0.707106781186547,0.));
#3557=DIRECTION('center_axis',(0.,0.,1.));
#3558=DIRECTION('ref_axis',(0.923879532511287,0.38268343236509,0.));
#3559=DIRECTION('center_axis',(0.,0.,-1.));
#3560=DIRECTION('ref_axis',(0.923879532511287,0.38268343236509,0.));
#3561=DIRECTION('',(0.,0.,1.));
#3562=DIRECTION('center_axis',(0.,0.,1.));
#3563=DIRECTION('ref_axis',(0.923879532511287,0.38268343236509,0.));
#3564=DIRECTION('center_axis',(-1.,0.,0.));
#3565=DIRECTION('ref_axis',(0.,-1.,0.));
#3566=DIRECTION('',(0.,1.,0.));
#3567=DIRECTION('',(0.,0.,1.));
#3568=DIRECTION('',(0.,-1.,0.));
#3569=DIRECTION('center_axis',(0.,0.,1.));
#3570=DIRECTION('ref_axis',(-0.38268343236509,-0.923879532511287,0.));
#3571=DIRECTION('center_axis',(0.,0.,-1.));
#3572=DIRECTION('ref_axis',(-0.38268343236509,-0.923879532511287,0.));
#3573=DIRECTION('',(0.,0.,1.));
#3574=DIRECTION('center_axis',(0.,0.,1.));
#3575=DIRECTION('ref_axis',(-0.38268343236509,-0.923879532511287,0.));
#3576=DIRECTION('',(0.,0.,-1.));
#3577=DIRECTION('center_axis',(0.707106781186547,0.707106781186548,0.));
#3578=DIRECTION('ref_axis',(-0.707106781186548,0.707106781186547,0.));
#3579=DIRECTION('',(-0.707106781186548,0.707106781186547,0.));
#3580=DIRECTION('',(-0.707106781186548,0.707106781186547,0.));
#3581=DIRECTION('center_axis',(0.,0.,1.));
#3582=DIRECTION('ref_axis',(-0.923879532511287,-0.38268343236509,0.));
#3583=DIRECTION('center_axis',(0.,0.,-1.));
#3584=DIRECTION('ref_axis',(-0.923879532511287,-0.38268343236509,0.));
#3585=DIRECTION('',(0.,0.,1.));
#3586=DIRECTION('center_axis',(0.,0.,1.));
#3587=DIRECTION('ref_axis',(-0.923879532511287,-0.38268343236509,0.));
#3588=DIRECTION('center_axis',(1.,0.,0.));
#3589=DIRECTION('ref_axis',(0.,1.,0.));
#3590=DIRECTION('',(0.,-1.,0.));
#3591=DIRECTION('',(0.,0.,1.));
#3592=DIRECTION('',(0.,1.,0.));
#3593=DIRECTION('center_axis',(0.,0.,-1.));
#3594=DIRECTION('ref_axis',(-1.,0.,0.));
#3595=DIRECTION('',(0.,0.,-1.));
#3596=DIRECTION('center_axis',(0.,0.,1.));
#3597=DIRECTION('ref_axis',(-1.,0.,0.));
#3598=DIRECTION('center_axis',(0.,0.,-1.));
#3599=DIRECTION('ref_axis',(-1.,0.,0.));
#3600=DIRECTION('',(0.,0.,-1.));
#3601=DIRECTION('center_axis',(0.,0.,1.));
#3602=DIRECTION('ref_axis',(-1.,0.,0.));
#3603=DIRECTION('center_axis',(0.,0.,-1.));
#3604=DIRECTION('ref_axis',(-1.,0.,0.));
#3605=DIRECTION('',(0.,0.,-1.));
#3606=DIRECTION('center_axis',(0.,0.,1.));
#3607=DIRECTION('ref_axis',(-1.,0.,0.));
#3608=DIRECTION('center_axis',(0.,0.,-1.));
#3609=DIRECTION('ref_axis',(-1.,0.,0.));
#3610=DIRECTION('',(0.,0.,-1.));
#3611=DIRECTION('center_axis',(0.,0.,1.));
#3612=DIRECTION('ref_axis',(-1.,0.,0.));
#3613=DIRECTION('center_axis',(0.,0.,1.));
#3614=DIRECTION('ref_axis',(1.,0.,0.));
#3615=DIRECTION('',(1.,0.,0.));
#3616=DIRECTION('',(-0.707106781186499,-0.707106781186596,0.));
#3617=DIRECTION('center_axis',(0.,0.,1.));
#3618=DIRECTION('ref_axis',(1.,0.,0.));
#3619=DIRECTION('',(0.707106781186596,0.707106781186499,0.));
#3620=DIRECTION('',(-0.707106781186548,0.707106781186547,0.));
#3621=DIRECTION('',(-1.,0.,0.));
#3622=DIRECTION('',(0.707106781186596,0.707106781186499,0.));
#3623=DIRECTION('center_axis',(0.,0.,1.));
#3624=DIRECTION('ref_axis',(1.,0.,0.));
#3625=DIRECTION('',(-0.707106781186499,-0.707106781186596,0.));
#3626=DIRECTION('center_axis',(0.,0.,1.));
#3627=DIRECTION('ref_axis',(-1.,0.,0.));
#3628=DIRECTION('center_axis',(0.,0.,1.));
#3629=DIRECTION('ref_axis',(-1.,0.,0.));
#3630=DIRECTION('center_axis',(0.,0.,1.));
#3631=DIRECTION('ref_axis',(-1.,0.,0.));
#3632=DIRECTION('center_axis',(0.,0.,1.));
#3633=DIRECTION('ref_axis',(-1.,0.,0.));
#3634=DIRECTION('center_axis',(0.,0.,1.));
#3635=DIRECTION('ref_axis',(-1.,0.,0.));
#3636=DIRECTION('center_axis',(0.,0.,1.));
#3637=DIRECTION('ref_axis',(-1.,0.,0.));
#3638=DIRECTION('center_axis',(0.,0.,1.));
#3639=DIRECTION('ref_axis',(-1.,0.,0.));
#3640=DIRECTION('center_axis',(0.,0.,1.));
#3641=DIRECTION('ref_axis',(-1.,0.,0.));
#3642=DIRECTION('center_axis',(0.,0.,1.));
#3643=DIRECTION('ref_axis',(-1.,0.,0.));
#3644=DIRECTION('center_axis',(0.,0.,1.));
#3645=DIRECTION('ref_axis',(-1.,0.,0.));
#3646=DIRECTION('center_axis',(0.,0.,1.));
#3647=DIRECTION('ref_axis',(-1.,0.,0.));
#3648=DIRECTION('center_axis',(0.,0.,1.));
#3649=DIRECTION('ref_axis',(-1.,0.,0.));
#3650=DIRECTION('center_axis',(0.,0.,1.));
#3651=DIRECTION('ref_axis',(-1.,0.,0.));
#3652=DIRECTION('center_axis',(0.,0.,1.));
#3653=DIRECTION('ref_axis',(-1.,0.,0.));
#3654=DIRECTION('center_axis',(0.,0.,1.));
#3655=DIRECTION('ref_axis',(-1.,0.,0.));
#3656=DIRECTION('center_axis',(0.,0.,1.));
#3657=DIRECTION('ref_axis',(-1.,0.,0.));
#3658=DIRECTION('center_axis',(0.,0.,-1.));
#3659=DIRECTION('ref_axis',(-1.,0.,0.));
#3660=DIRECTION('center_axis',(0.,0.,-1.));
#3661=DIRECTION('ref_axis',(-1.,0.,0.));
#3662=DIRECTION('',(0.,0.,-1.));
#3663=DIRECTION('center_axis',(0.,0.,-1.));
#3664=DIRECTION('ref_axis',(-1.,0.,0.));
#3665=DIRECTION('center_axis',(0.,0.,-1.));
#3666=DIRECTION('ref_axis',(-1.,0.,0.));
#3667=DIRECTION('',(0.,0.,-1.));
#3668=DIRECTION('center_axis',(0.,0.,-1.));
#3669=DIRECTION('ref_axis',(-1.,0.,0.));
#3670=DIRECTION('center_axis',(0.,0.,-1.));
#3671=DIRECTION('ref_axis',(-1.,0.,0.));
#3672=DIRECTION('',(0.,0.,-1.));
#3673=DIRECTION('center_axis',(0.,0.,-1.));
#3674=DIRECTION('ref_axis',(-1.,0.,0.));
#3675=DIRECTION('center_axis',(0.,0.,-1.));
#3676=DIRECTION('ref_axis',(-1.,0.,0.));
#3677=DIRECTION('',(0.,0.,-1.));
#3678=DIRECTION('center_axis',(0.,0.,-1.));
#3679=DIRECTION('ref_axis',(-1.,0.,0.));
#3680=DIRECTION('center_axis',(0.,0.,-1.));
#3681=DIRECTION('ref_axis',(-1.,0.,0.));
#3682=DIRECTION('',(0.,0.,-1.));
#3683=DIRECTION('center_axis',(0.,0.,-1.));
#3684=DIRECTION('ref_axis',(-1.,0.,0.));
#3685=DIRECTION('center_axis',(0.,0.,-1.));
#3686=DIRECTION('ref_axis',(-1.,0.,0.));
#3687=DIRECTION('',(0.,0.,-1.));
#3688=DIRECTION('center_axis',(0.,0.,-1.));
#3689=DIRECTION('ref_axis',(-1.,0.,0.));
#3690=DIRECTION('center_axis',(0.,0.,-1.));
#3691=DIRECTION('ref_axis',(-1.,0.,0.));
#3692=DIRECTION('',(0.,0.,-1.));
#3693=DIRECTION('center_axis',(0.,0.,-1.));
#3694=DIRECTION('ref_axis',(-1.,0.,0.));
#3695=DIRECTION('center_axis',(0.,0.,-1.));
#3696=DIRECTION('ref_axis',(-1.,0.,0.));
#3697=DIRECTION('',(0.,0.,-1.));
#3698=DIRECTION('center_axis',(0.,0.,-1.));
#3699=DIRECTION('ref_axis',(-1.,0.,0.));
#3700=DIRECTION('center_axis',(0.,0.,-1.));
#3701=DIRECTION('ref_axis',(-1.,0.,0.));
#3702=DIRECTION('',(0.,0.,-1.));
#3703=DIRECTION('center_axis',(0.,0.,-1.));
#3704=DIRECTION('ref_axis',(-1.,0.,0.));
#3705=DIRECTION('center_axis',(0.,0.,-1.));
#3706=DIRECTION('ref_axis',(-1.,0.,0.));
#3707=DIRECTION('',(0.,0.,-1.));
#3708=DIRECTION('center_axis',(0.,0.,-1.));
#3709=DIRECTION('ref_axis',(-1.,0.,0.));
#3710=DIRECTION('center_axis',(0.,0.,-1.));
#3711=DIRECTION('ref_axis',(-1.,0.,0.));
#3712=DIRECTION('',(0.,0.,-1.));
#3713=DIRECTION('center_axis',(0.,0.,-1.));
#3714=DIRECTION('ref_axis',(-1.,0.,0.));
#3715=DIRECTION('center_axis',(0.,0.,-1.));
#3716=DIRECTION('ref_axis',(-1.,0.,0.));
#3717=DIRECTION('',(0.,0.,-1.));
#3718=DIRECTION('center_axis',(0.,0.,-1.));
#3719=DIRECTION('ref_axis',(-1.,0.,0.));
#3720=DIRECTION('center_axis',(0.,0.,-1.));
#3721=DIRECTION('ref_axis',(-1.,0.,0.));
#3722=DIRECTION('',(0.,0.,-1.));
#3723=DIRECTION('center_axis',(0.,0.,-1.));
#3724=DIRECTION('ref_axis',(-1.,0.,0.));
#3725=DIRECTION('center_axis',(0.,0.,-1.));
#3726=DIRECTION('ref_axis',(-1.,0.,0.));
#3727=DIRECTION('',(0.,0.,-1.));
#3728=DIRECTION('center_axis',(0.,0.,-1.));
#3729=DIRECTION('ref_axis',(-1.,0.,0.));
#3730=DIRECTION('center_axis',(0.,0.,-1.));
#3731=DIRECTION('ref_axis',(-1.,0.,0.));
#3732=DIRECTION('',(0.,0.,-1.));
#3733=DIRECTION('center_axis',(0.,0.,-1.));
#3734=DIRECTION('ref_axis',(-1.,0.,0.));
#3735=DIRECTION('center_axis',(0.,0.,-1.));
#3736=DIRECTION('ref_axis',(-1.,0.,0.));
#3737=DIRECTION('',(0.,0.,-1.));
#3738=DIRECTION('center_axis',(-0.707106781186596,0.707106781186499,0.));
#3739=DIRECTION('ref_axis',(-0.707106781186499,-0.707106781186596,0.));
#3740=DIRECTION('',(0.,0.,1.));
#3741=DIRECTION('',(-0.707106781186499,-0.707106781186596,0.));
#3742=DIRECTION('center_axis',(0.,1.,0.));
#3743=DIRECTION('ref_axis',(-1.,0.,0.));
#3744=DIRECTION('',(-1.,0.,0.));
#3745=DIRECTION('',(0.,0.,1.));
#3746=DIRECTION('center_axis',(-0.707106781186596,0.707106781186499,0.));
#3747=DIRECTION('ref_axis',(-0.707106781186499,-0.707106781186596,0.));
#3748=DIRECTION('',(-0.707106781186499,-0.707106781186596,0.));
#3749=DIRECTION('',(0.,0.,1.));
#3750=DIRECTION('center_axis',(0.,0.,1.));
#3751=DIRECTION('ref_axis',(0.707106781186545,0.70710678118655,0.));
#3752=DIRECTION('center_axis',(0.,0.,1.));
#3753=DIRECTION('ref_axis',(1.,0.,0.));
#3754=DIRECTION('',(0.,0.,1.));
#3755=DIRECTION('center_axis',(0.707106781186499,-0.707106781186596,0.));
#3756=DIRECTION('ref_axis',(0.707106781186596,0.707106781186499,0.));
#3757=DIRECTION('',(0.707106781186596,0.707106781186499,0.));
#3758=DIRECTION('center_axis',(-0.707106781186547,-0.707106781186548,0.));
#3759=DIRECTION('ref_axis',(0.707106781186548,-0.707106781186547,0.));
#3760=DIRECTION('',(0.707106781186548,-0.707106781186547,0.));
#3761=DIRECTION('',(0.,0.,1.));
#3762=DIRECTION('center_axis',(0.,-1.,0.));
#3763=DIRECTION('ref_axis',(1.,0.,0.));
#3764=DIRECTION('',(1.,0.,0.));
#3765=DIRECTION('',(0.,0.,1.));
#3766=DIRECTION('center_axis',(0.707106781186499,-0.707106781186596,0.));
#3767=DIRECTION('ref_axis',(0.707106781186596,0.707106781186499,0.));
#3768=DIRECTION('',(0.707106781186596,0.707106781186499,0.));
#3769=DIRECTION('',(0.,0.,1.));
#3770=DIRECTION('center_axis',(0.,0.,1.));
#3771=DIRECTION('ref_axis',(-0.707106781186549,-0.707106781186546,0.));
#3772=DIRECTION('center_axis',(0.,0.,1.));
#3773=DIRECTION('ref_axis',(1.,0.,0.));
#3774=DIRECTION('center_axis',(0.,0.,1.));
#3775=DIRECTION('ref_axis',(1.,0.,0.));
#3776=DIRECTION('center_axis',(0.,0.,1.));
#3777=DIRECTION('ref_axis',(1.,0.,0.));
#3778=DIRECTION('center_axis',(0.,0.,-1.));
#3779=DIRECTION('ref_axis',(1.,0.,0.));
#3780=DIRECTION('',(0.,0.,-1.));
#3781=DIRECTION('center_axis',(0.,0.,-1.));
#3782=DIRECTION('ref_axis',(1.,0.,0.));
#3783=DIRECTION('center_axis',(0.,0.,1.));
#3784=DIRECTION('ref_axis',(1.,0.,0.));
#3785=DIRECTION('center_axis',(0.,0.,-1.));
#3786=DIRECTION('ref_axis',(1.,0.,0.));
#3787=DIRECTION('',(0.,0.,-1.));
#3788=DIRECTION('center_axis',(0.,0.,-1.));
#3789=DIRECTION('ref_axis',(1.,0.,0.));
#3790=DIRECTION('center_axis',(0.,0.,1.));
#3791=DIRECTION('ref_axis',(1.,0.,0.));
#3792=DIRECTION('center_axis',(0.,0.,-1.));
#3793=DIRECTION('ref_axis',(1.,0.,0.));
#3794=DIRECTION('',(0.,0.,-1.));
#3795=DIRECTION('center_axis',(0.,0.,-1.));
#3796=DIRECTION('ref_axis',(1.,0.,0.));
#3797=DIRECTION('center_axis',(0.,0.,1.));
#3798=DIRECTION('ref_axis',(1.,0.,0.));
#3799=DIRECTION('center_axis',(0.,0.,-1.));
#3800=DIRECTION('ref_axis',(1.,0.,0.));
#3801=DIRECTION('',(0.,0.,-1.));
#3802=DIRECTION('center_axis',(0.,0.,-1.));
#3803=DIRECTION('ref_axis',(1.,0.,0.));
#3804=DIRECTION('center_axis',(0.,0.,1.));
#3805=DIRECTION('ref_axis',(1.,0.,0.));
#3806=DIRECTION('center_axis',(0.,0.,-1.));
#3807=DIRECTION('ref_axis',(1.,0.,0.));
#3808=DIRECTION('',(0.,0.,-1.));
#3809=DIRECTION('center_axis',(0.,0.,-1.));
#3810=DIRECTION('ref_axis',(1.,0.,0.));
#3811=DIRECTION('center_axis',(0.,0.,1.));
#3812=DIRECTION('ref_axis',(1.,0.,0.));
#3813=DIRECTION('center_axis',(0.,0.,-1.));
#3814=DIRECTION('ref_axis',(1.,0.,0.));
#3815=DIRECTION('',(0.,0.,-1.));
#3816=DIRECTION('center_axis',(0.,0.,-1.));
#3817=DIRECTION('ref_axis',(1.,0.,0.));
#3818=DIRECTION('center_axis',(0.,0.,1.));
#3819=DIRECTION('ref_axis',(1.,0.,0.));
#3820=DIRECTION('center_axis',(0.,0.,-1.));
#3821=DIRECTION('ref_axis',(1.,0.,0.));
#3822=DIRECTION('',(0.,0.,-1.));
#3823=DIRECTION('center_axis',(0.,0.,-1.));
#3824=DIRECTION('ref_axis',(1.,0.,0.));
#3825=DIRECTION('center_axis',(0.,0.,1.));
#3826=DIRECTION('ref_axis',(1.,0.,0.));
#3827=DIRECTION('center_axis',(0.,0.,-1.));
#3828=DIRECTION('ref_axis',(1.,0.,0.));
#3829=DIRECTION('',(0.,0.,-1.));
#3830=DIRECTION('center_axis',(0.,0.,-1.));
#3831=DIRECTION('ref_axis',(1.,0.,0.));
#3832=DIRECTION('center_axis',(-1.,0.,0.));
#3833=DIRECTION('ref_axis',(0.,-1.,0.));
#3834=DIRECTION('',(0.,1.,0.));
#3835=DIRECTION('',(0.,0.,1.));
#3836=DIRECTION('',(0.,-1.,0.));
#3837=DIRECTION('',(0.,0.,1.));
#3838=DIRECTION('center_axis',(0.,1.,0.));
#3839=DIRECTION('ref_axis',(-1.,0.,0.));
#3840=DIRECTION('',(1.,0.,0.));
#3841=DIRECTION('',(-1.,0.,0.));
#3842=DIRECTION('',(0.,0.,1.));
#3843=DIRECTION('center_axis',(1.,0.,0.));
#3844=DIRECTION('ref_axis',(0.,1.,0.));
#3845=DIRECTION('',(0.,-1.,0.));
#3846=DIRECTION('',(0.,1.,0.));
#3847=DIRECTION('',(0.,0.,1.));
#3848=DIRECTION('center_axis',(0.,-1.,0.));
#3849=DIRECTION('ref_axis',(1.,0.,0.));
#3850=DIRECTION('',(-1.,0.,0.));
#3851=DIRECTION('',(1.,0.,0.));
#3852=DIRECTION('center_axis',(0.,0.,1.));
#3853=DIRECTION('ref_axis',(1.,0.,0.));
#3854=DIRECTION('center_axis',(0.,0.,1.));
#3855=DIRECTION('ref_axis',(1.,0.,0.));
#3856=DIRECTION('center_axis',(0.,0.,1.));
#3857=DIRECTION('ref_axis',(-1.,0.,0.));
#3858=DIRECTION('center_axis',(0.,0.,1.));
#3859=DIRECTION('ref_axis',(-1.,0.,0.));
#3860=DIRECTION('',(0.,0.,-1.));
#3861=DIRECTION('center_axis',(0.,0.,-1.));
#3862=DIRECTION('ref_axis',(-1.,0.,0.));
#3863=DIRECTION('center_axis',(0.,0.,1.));
#3864=DIRECTION('ref_axis',(-1.,0.,0.));
#3865=DIRECTION('center_axis',(0.,0.,1.));
#3866=DIRECTION('ref_axis',(-1.,0.,0.));
#3867=DIRECTION('center_axis',(0.,0.,-1.));
#3868=DIRECTION('ref_axis',(-1.,0.,0.));
#3869=DIRECTION('',(0.,0.,-1.));
#3870=DIRECTION('center_axis',(0.,0.,-1.));
#3871=DIRECTION('ref_axis',(-1.,0.,0.));
#3872=DIRECTION('center_axis',(0.,0.,1.));
#3873=DIRECTION('ref_axis',(-1.,0.,0.));
#3874=DIRECTION('center_axis',(0.,0.,-1.));
#3875=DIRECTION('ref_axis',(-1.,0.,0.));
#3876=DIRECTION('',(0.,0.,-1.));
#3877=DIRECTION('center_axis',(0.,0.,-1.));
#3878=DIRECTION('ref_axis',(-1.,0.,0.));
#3879=DIRECTION('center_axis',(0.,0.,1.));
#3880=DIRECTION('ref_axis',(-1.,0.,0.));
#3881=DIRECTION('center_axis',(0.,0.,-1.));
#3882=DIRECTION('ref_axis',(-1.,0.,0.));
#3883=DIRECTION('',(0.,0.,-1.));
#3884=DIRECTION('center_axis',(0.,0.,-1.));
#3885=DIRECTION('ref_axis',(-1.,0.,0.));
#3886=DIRECTION('center_axis',(0.,0.,1.));
#3887=DIRECTION('ref_axis',(-1.,0.,0.));
#3888=DIRECTION('center_axis',(0.,0.,-1.));
#3889=DIRECTION('ref_axis',(-1.,0.,0.));
#3890=DIRECTION('',(0.,0.,-1.));
#3891=DIRECTION('center_axis',(0.,0.,-1.));
#3892=DIRECTION('ref_axis',(-1.,0.,0.));
#3893=DIRECTION('center_axis',(0.,0.,1.));
#3894=DIRECTION('ref_axis',(-1.,0.,0.));
#3895=DIRECTION('center_axis',(0.,0.,1.));
#3896=DIRECTION('ref_axis',(-1.,0.,0.));
#3897=DIRECTION('',(0.,0.,-1.));
#3898=DIRECTION('center_axis',(0.,0.,1.));
#3899=DIRECTION('ref_axis',(-1.,0.,0.));
#3900=DIRECTION('center_axis',(0.,0.,1.));
#3901=DIRECTION('ref_axis',(-1.,0.,0.));
#3902=DIRECTION('center_axis',(0.,0.,1.));
#3903=DIRECTION('ref_axis',(-1.,0.,0.));
#3904=DIRECTION('center_axis',(0.,0.,1.));
#3905=DIRECTION('ref_axis',(-1.,0.,0.));
#3906=DIRECTION('center_axis',(0.,0.,1.));
#3907=DIRECTION('ref_axis',(-1.,0.,0.));
#3908=DIRECTION('',(0.,0.,-1.));
#3909=DIRECTION('center_axis',(0.,0.,-1.));
#3910=DIRECTION('ref_axis',(-1.,0.,0.));
#3911=DIRECTION('center_axis',(0.,0.,1.));
#3912=DIRECTION('ref_axis',(-1.,0.,0.));
#3913=DIRECTION('center_axis',(0.,0.,1.));
#3914=DIRECTION('ref_axis',(-1.,0.,0.));
#3915=DIRECTION('center_axis',(0.,0.,-1.));
#3916=DIRECTION('ref_axis',(-1.,0.,0.));
#3917=DIRECTION('',(0.,0.,-1.));
#3918=DIRECTION('center_axis',(0.,0.,-1.));
#3919=DIRECTION('ref_axis',(-1.,0.,0.));
#3920=DIRECTION('center_axis',(0.,0.,1.));
#3921=DIRECTION('ref_axis',(-1.,0.,0.));
#3922=DIRECTION('center_axis',(0.,0.,-1.));
#3923=DIRECTION('ref_axis',(-1.,0.,0.));
#3924=DIRECTION('',(0.,0.,-1.));
#3925=DIRECTION('center_axis',(0.,0.,-1.));
#3926=DIRECTION('ref_axis',(-1.,0.,0.));
#3927=DIRECTION('center_axis',(0.,0.,1.));
#3928=DIRECTION('ref_axis',(-1.,0.,0.));
#3929=DIRECTION('center_axis',(0.,0.,-1.));
#3930=DIRECTION('ref_axis',(-1.,0.,0.));
#3931=DIRECTION('',(0.,0.,-1.));
#3932=DIRECTION('center_axis',(0.,0.,-1.));
#3933=DIRECTION('ref_axis',(-1.,0.,0.));
#3934=DIRECTION('center_axis',(0.,0.,1.));
#3935=DIRECTION('ref_axis',(-1.,0.,0.));
#3936=DIRECTION('center_axis',(0.,0.,-1.));
#3937=DIRECTION('ref_axis',(-1.,0.,0.));
#3938=DIRECTION('',(0.,0.,-1.));
#3939=DIRECTION('center_axis',(0.,0.,-1.));
#3940=DIRECTION('ref_axis',(-1.,0.,0.));
#3941=DIRECTION('center_axis',(0.,0.,1.));
#3942=DIRECTION('ref_axis',(-1.,0.,0.));
#3943=DIRECTION('center_axis',(0.,0.,1.));
#3944=DIRECTION('ref_axis',(-1.,0.,0.));
#3945=DIRECTION('',(0.,0.,-1.));
#3946=DIRECTION('center_axis',(0.,0.,1.));
#3947=DIRECTION('ref_axis',(-1.,0.,0.));
#3948=DIRECTION('center_axis',(0.,0.,1.));
#3949=DIRECTION('ref_axis',(-1.,0.,0.));
#3950=DIRECTION('center_axis',(0.,0.,1.));
#3951=DIRECTION('ref_axis',(-1.,0.,0.));
#3952=DIRECTION('center_axis',(0.,0.,1.));
#3953=DIRECTION('ref_axis',(-1.,0.,0.));
#3954=DIRECTION('center_axis',(0.,0.,1.));
#3955=DIRECTION('ref_axis',(-1.,0.,0.));
#3956=DIRECTION('',(0.,0.,-1.));
#3957=DIRECTION('center_axis',(0.,0.,-1.));
#3958=DIRECTION('ref_axis',(-1.,0.,0.));
#3959=DIRECTION('center_axis',(0.,0.,1.));
#3960=DIRECTION('ref_axis',(-1.,0.,0.));
#3961=DIRECTION('center_axis',(0.,0.,1.));
#3962=DIRECTION('ref_axis',(-1.,0.,0.));
#3963=DIRECTION('center_axis',(0.,0.,-1.));
#3964=DIRECTION('ref_axis',(-1.,0.,0.));
#3965=DIRECTION('',(0.,0.,-1.));
#3966=DIRECTION('center_axis',(0.,0.,-1.));
#3967=DIRECTION('ref_axis',(-1.,0.,0.));
#3968=DIRECTION('center_axis',(0.,0.,1.));
#3969=DIRECTION('ref_axis',(-1.,0.,0.));
#3970=DIRECTION('center_axis',(0.,0.,-1.));
#3971=DIRECTION('ref_axis',(-1.,0.,0.));
#3972=DIRECTION('',(0.,0.,-1.));
#3973=DIRECTION('center_axis',(0.,0.,-1.));
#3974=DIRECTION('ref_axis',(-1.,0.,0.));
#3975=DIRECTION('center_axis',(0.,0.,1.));
#3976=DIRECTION('ref_axis',(-1.,0.,0.));
#3977=DIRECTION('center_axis',(0.,0.,-1.));
#3978=DIRECTION('ref_axis',(-1.,0.,0.));
#3979=DIRECTION('',(0.,0.,-1.));
#3980=DIRECTION('center_axis',(0.,0.,-1.));
#3981=DIRECTION('ref_axis',(-1.,0.,0.));
#3982=DIRECTION('center_axis',(0.,0.,1.));
#3983=DIRECTION('ref_axis',(-1.,0.,0.));
#3984=DIRECTION('center_axis',(0.,0.,-1.));
#3985=DIRECTION('ref_axis',(-1.,0.,0.));
#3986=DIRECTION('',(0.,0.,-1.));
#3987=DIRECTION('center_axis',(0.,0.,-1.));
#3988=DIRECTION('ref_axis',(-1.,0.,0.));
#3989=DIRECTION('center_axis',(0.,0.,1.));
#3990=DIRECTION('ref_axis',(-1.,0.,0.));
#3991=DIRECTION('center_axis',(0.,0.,1.));
#3992=DIRECTION('ref_axis',(-1.,0.,0.));
#3993=DIRECTION('',(0.,0.,-1.));
#3994=DIRECTION('center_axis',(0.,0.,1.));
#3995=DIRECTION('ref_axis',(-1.,0.,0.));
#3996=DIRECTION('center_axis',(0.,0.,1.));
#3997=DIRECTION('ref_axis',(-1.,0.,0.));
#3998=DIRECTION('center_axis',(0.,0.,1.));
#3999=DIRECTION('ref_axis',(-1.,0.,0.));
#4000=DIRECTION('center_axis',(0.,0.,1.));
#4001=DIRECTION('ref_axis',(-1.,0.,0.));
#4002=DIRECTION('center_axis',(0.,0.,1.));
#4003=DIRECTION('ref_axis',(-1.,0.,0.));
#4004=DIRECTION('',(0.,0.,-1.));
#4005=DIRECTION('center_axis',(0.,0.,-1.));
#4006=DIRECTION('ref_axis',(-1.,0.,0.));
#4007=DIRECTION('center_axis',(0.,0.,1.));
#4008=DIRECTION('ref_axis',(-1.,0.,0.));
#4009=DIRECTION('center_axis',(0.,0.,1.));
#4010=DIRECTION('ref_axis',(-1.,0.,0.));
#4011=DIRECTION('center_axis',(0.,0.,-1.));
#4012=DIRECTION('ref_axis',(-1.,0.,0.));
#4013=DIRECTION('',(0.,0.,-1.));
#4014=DIRECTION('center_axis',(0.,0.,-1.));
#4015=DIRECTION('ref_axis',(-1.,0.,0.));
#4016=DIRECTION('center_axis',(0.,0.,1.));
#4017=DIRECTION('ref_axis',(-1.,0.,0.));
#4018=DIRECTION('center_axis',(0.,0.,-1.));
#4019=DIRECTION('ref_axis',(-1.,0.,0.));
#4020=DIRECTION('',(0.,0.,-1.));
#4021=DIRECTION('center_axis',(0.,0.,-1.));
#4022=DIRECTION('ref_axis',(-1.,0.,0.));
#4023=DIRECTION('center_axis',(0.,0.,1.));
#4024=DIRECTION('ref_axis',(-1.,0.,0.));
#4025=DIRECTION('center_axis',(0.,0.,-1.));
#4026=DIRECTION('ref_axis',(-1.,0.,0.));
#4027=DIRECTION('',(0.,0.,-1.));
#4028=DIRECTION('center_axis',(0.,0.,-1.));
#4029=DIRECTION('ref_axis',(-1.,0.,0.));
#4030=DIRECTION('center_axis',(0.,0.,1.));
#4031=DIRECTION('ref_axis',(-1.,0.,0.));
#4032=DIRECTION('center_axis',(0.,0.,-1.));
#4033=DIRECTION('ref_axis',(-1.,0.,0.));
#4034=DIRECTION('',(0.,0.,-1.));
#4035=DIRECTION('center_axis',(0.,0.,-1.));
#4036=DIRECTION('ref_axis',(-1.,0.,0.));
#4037=DIRECTION('center_axis',(0.,0.,1.));
#4038=DIRECTION('ref_axis',(-1.,0.,0.));
#4039=DIRECTION('center_axis',(0.,0.,1.));
#4040=DIRECTION('ref_axis',(-1.,0.,0.));
#4041=DIRECTION('',(0.,0.,-1.));
#4042=DIRECTION('center_axis',(0.,0.,1.));
#4043=DIRECTION('ref_axis',(-1.,0.,0.));
#4044=DIRECTION('center_axis',(0.,0.,1.));
#4045=DIRECTION('ref_axis',(-1.,0.,0.));
#4046=DIRECTION('center_axis',(0.,0.,1.));
#4047=DIRECTION('ref_axis',(-1.,0.,0.));
#4048=DIRECTION('center_axis',(0.,0.,1.));
#4049=DIRECTION('ref_axis',(-1.,0.,0.));
#4050=DIRECTION('center_axis',(0.,0.,-1.));
#4051=DIRECTION('ref_axis',(-1.,0.,0.));
#4052=DIRECTION('',(0.,0.,-1.));
#4053=DIRECTION('center_axis',(0.,0.,-1.));
#4054=DIRECTION('ref_axis',(-1.,0.,0.));
#4055=DIRECTION('center_axis',(0.,0.,1.));
#4056=DIRECTION('ref_axis',(-1.,0.,0.));
#4057=DIRECTION('center_axis',(0.,0.,-1.));
#4058=DIRECTION('ref_axis',(-1.,0.,0.));
#4059=DIRECTION('',(0.,0.,-1.));
#4060=DIRECTION('center_axis',(0.,0.,-1.));
#4061=DIRECTION('ref_axis',(-1.,0.,0.));
#4062=DIRECTION('center_axis',(0.,0.,1.));
#4063=DIRECTION('ref_axis',(-1.,0.,0.));
#4064=DIRECTION('center_axis',(0.,0.,-1.));
#4065=DIRECTION('ref_axis',(-1.,0.,0.));
#4066=DIRECTION('',(0.,0.,-1.));
#4067=DIRECTION('center_axis',(0.,0.,-1.));
#4068=DIRECTION('ref_axis',(-1.,0.,0.));
#4069=DIRECTION('center_axis',(0.,0.,1.));
#4070=DIRECTION('ref_axis',(-1.,0.,0.));
#4071=DIRECTION('center_axis',(0.,0.,-1.));
#4072=DIRECTION('ref_axis',(-1.,0.,0.));
#4073=DIRECTION('',(0.,0.,-1.));
#4074=DIRECTION('center_axis',(0.,0.,-1.));
#4075=DIRECTION('ref_axis',(-1.,0.,0.));
#4076=DIRECTION('center_axis',(0.,1.,0.));
#4077=DIRECTION('ref_axis',(-1.,0.,0.));
#4078=DIRECTION('',(-1.,0.,0.));
#4079=DIRECTION('',(0.,0.,1.));
#4080=DIRECTION('',(-1.,0.,0.));
#4081=DIRECTION('',(0.,0.,1.));
#4082=DIRECTION('center_axis',(0.,0.,1.));
#4083=DIRECTION('ref_axis',(1.,0.,0.));
#4084=DIRECTION('center_axis',(0.,0.,1.));
#4085=DIRECTION('ref_axis',(1.,0.,0.));
#4086=DIRECTION('center_axis',(0.,0.,1.));
#4087=DIRECTION('ref_axis',(1.,0.,0.));
#4088=DIRECTION('',(0.,0.,1.));
#4089=DIRECTION('center_axis',(1.,0.,0.));
#4090=DIRECTION('ref_axis',(0.,1.,0.));
#4091=DIRECTION('',(0.,1.,0.));
#4092=DIRECTION('',(0.,1.,0.));
#4093=DIRECTION('',(0.,0.,1.));
#4094=DIRECTION('center_axis',(0.,0.,1.));
#4095=DIRECTION('ref_axis',(0.,-1.,0.));
#4096=DIRECTION('center_axis',(0.,0.,1.));
#4097=DIRECTION('ref_axis',(0.,-1.,0.));
#4098=DIRECTION('center_axis',(0.,0.,1.));
#4099=DIRECTION('ref_axis',(0.,-1.,0.));
#4100=DIRECTION('',(0.,0.,1.));
#4101=DIRECTION('center_axis',(0.,-1.,0.));
#4102=DIRECTION('ref_axis',(1.,0.,0.));
#4103=DIRECTION('',(1.,0.,0.));
#4104=DIRECTION('',(1.,0.,0.));
#4105=DIRECTION('',(0.,0.,1.));
#4106=DIRECTION('center_axis',(0.,0.,1.));
#4107=DIRECTION('ref_axis',(-1.,0.,0.));
#4108=DIRECTION('center_axis',(0.,0.,1.));
#4109=DIRECTION('ref_axis',(-1.,0.,0.));
#4110=DIRECTION('center_axis',(0.,0.,1.));
#4111=DIRECTION('ref_axis',(-1.,0.,0.));
#4112=DIRECTION('',(0.,0.,1.));
#4113=DIRECTION('center_axis',(-1.,0.,0.));
#4114=DIRECTION('ref_axis',(0.,-1.,0.));
#4115=DIRECTION('',(0.,-1.,0.));
#4116=DIRECTION('',(0.,-1.,0.));
#4117=DIRECTION('',(0.,0.,1.));
#4118=DIRECTION('center_axis',(0.,0.,1.));
#4119=DIRECTION('ref_axis',(0.,1.,0.));
#4120=DIRECTION('center_axis',(0.,0.,1.));
#4121=DIRECTION('ref_axis',(0.,1.,0.));
#4122=DIRECTION('center_axis',(0.,0.,1.));
#4123=DIRECTION('ref_axis',(0.,1.,0.));
#4124=DIRECTION('center_axis',(0.,0.,1.));
#4125=DIRECTION('ref_axis',(-1.,0.,0.));
#4126=DIRECTION('center_axis',(0.,0.,1.));
#4127=DIRECTION('ref_axis',(-1.,0.,0.));
#4128=DIRECTION('center_axis',(0.,0.,1.));
#4129=DIRECTION('ref_axis',(-1.,0.,0.));
#4130=DIRECTION('center_axis',(0.,0.,-1.));
#4131=DIRECTION('ref_axis',(-1.,0.,0.));
#4132=DIRECTION('',(0.,0.,-1.));
#4133=DIRECTION('center_axis',(0.,0.,-1.));
#4134=DIRECTION('ref_axis',(-1.,0.,0.));
#4135=DIRECTION('center_axis',(0.,0.,1.));
#4136=DIRECTION('ref_axis',(0.707106781186548,0.707106781186547,0.));
#4137=DIRECTION('center_axis',(0.,0.,1.));
#4138=DIRECTION('ref_axis',(-1.,0.,0.));
#4139=DIRECTION('',(0.,0.,1.));
#4140=DIRECTION('center_axis',(0.,0.,1.));
#4141=DIRECTION('ref_axis',(-1.,0.,0.));
#4142=DIRECTION('',(0.,0.,1.));
#4143=DIRECTION('center_axis',(0.,-1.,0.));
#4144=DIRECTION('ref_axis',(1.,0.,0.));
#4145=DIRECTION('',(1.,0.,0.));
#4146=DIRECTION('',(1.,0.,0.));
#4147=DIRECTION('',(0.,0.,1.));
#4148=DIRECTION('center_axis',(0.,0.,1.));
#4149=DIRECTION('ref_axis',(-1.,0.,0.));
#4150=DIRECTION('center_axis',(0.,0.,1.));
#4151=DIRECTION('ref_axis',(-1.,0.,0.));
#4152=DIRECTION('center_axis',(0.,0.,1.));
#4153=DIRECTION('ref_axis',(-1.,0.,0.));
#4154=DIRECTION('',(0.,0.,1.));
#4155=DIRECTION('center_axis',(-1.,0.,0.));
#4156=DIRECTION('ref_axis',(0.,-1.,0.));
#4157=DIRECTION('',(0.,-1.,0.));
#4158=DIRECTION('',(0.,-1.,0.));
#4159=DIRECTION('center_axis',(0.,0.,1.));
#4160=DIRECTION('ref_axis',(-1.,0.,0.));
#4161=DIRECTION('center_axis',(0.,0.,1.));
#4162=DIRECTION('ref_axis',(-1.,0.,0.));
#4163=DIRECTION('center_axis',(0.,0.,1.));
#4164=DIRECTION('ref_axis',(-1.,0.,0.));
#4165=DIRECTION('center_axis',(0.,0.,1.));
#4166=DIRECTION('ref_axis',(-1.,0.,0.));
#4167=DIRECTION('',(0.,0.,-1.));
#4168=DIRECTION('center_axis',(0.,0.,1.));
#4169=DIRECTION('ref_axis',(-1.,0.,0.));
#4170=DIRECTION('center_axis',(0.,0.,1.));
#4171=DIRECTION('ref_axis',(-1.,0.,0.));
#4172=DIRECTION('center_axis',(0.,0.,1.));
#4173=DIRECTION('ref_axis',(-1.,0.,0.));
#4174=DIRECTION('center_axis',(0.,0.,1.));
#4175=DIRECTION('ref_axis',(-1.,0.,0.));
#4176=DIRECTION('center_axis',(0.,0.,-1.));
#4177=DIRECTION('ref_axis',(-1.,0.,0.));
#4178=DIRECTION('',(0.,0.,-1.));
#4179=DIRECTION('center_axis',(0.,0.,-1.));
#4180=DIRECTION('ref_axis',(-1.,0.,0.));
#4181=DIRECTION('center_axis',(0.,0.,1.));
#4182=DIRECTION('ref_axis',(-1.,0.,0.));
#4183=DIRECTION('center_axis',(0.,0.,1.));
#4184=DIRECTION('ref_axis',(-1.,0.,0.));
#4185=DIRECTION('',(0.,0.,1.));
#4186=DIRECTION('center_axis',(0.,0.,1.));
#4187=DIRECTION('ref_axis',(-1.,0.,0.));
#4188=DIRECTION('',(0.,0.,1.));
#4189=DIRECTION('center_axis',(0.,1.,0.));
#4190=DIRECTION('ref_axis',(-1.,0.,0.));
#4191=DIRECTION('',(-1.,0.,0.));
#4192=DIRECTION('',(-1.,0.,0.));
#4193=DIRECTION('',(0.,0.,1.));
#4194=DIRECTION('center_axis',(0.,0.,1.));
#4195=DIRECTION('ref_axis',(0.707106781186546,-0.707106781186549,0.));
#4196=DIRECTION('center_axis',(0.,0.,1.));
#4197=DIRECTION('ref_axis',(-1.,0.,0.));
#4198=DIRECTION('center_axis',(0.,0.,1.));
#4199=DIRECTION('ref_axis',(-1.,0.,0.));
#4200=DIRECTION('',(0.,0.,1.));
#4201=DIRECTION('center_axis',(-1.,0.,0.));
#4202=DIRECTION('ref_axis',(0.,-1.,0.));
#4203=DIRECTION('',(0.,-1.,0.));
#4204=DIRECTION('',(0.,-1.,0.));
#4205=DIRECTION('center_axis',(0.,0.,1.));
#4206=DIRECTION('ref_axis',(-1.,0.,0.));
#4207=DIRECTION('center_axis',(0.,0.,1.));
#4208=DIRECTION('ref_axis',(-1.,0.,0.));
#4209=DIRECTION('center_axis',(0.,0.,1.));
#4210=DIRECTION('ref_axis',(-1.,0.,0.));
#4211=DIRECTION('center_axis',(0.,0.,-1.));
#4212=DIRECTION('ref_axis',(-1.,0.,0.));
#4213=DIRECTION('',(0.,0.,-1.));
#4214=DIRECTION('center_axis',(0.,0.,-1.));
#4215=DIRECTION('ref_axis',(-1.,0.,0.));
#4216=DIRECTION('center_axis',(0.,1.,0.));
#4217=DIRECTION('ref_axis',(-1.,0.,0.));
#4218=DIRECTION('',(-1.,0.,0.));
#4219=DIRECTION('',(0.,0.,1.));
#4220=DIRECTION('',(-1.,0.,0.));
#4221=DIRECTION('',(0.,0.,1.));
#4222=DIRECTION('center_axis',(0.,0.,1.));
#4223=DIRECTION('ref_axis',(-1.,0.,0.));
#4224=DIRECTION('center_axis',(0.,0.,1.));
#4225=DIRECTION('ref_axis',(-1.,0.,0.));
#4226=DIRECTION('center_axis',(0.,0.,1.));
#4227=DIRECTION('ref_axis',(-1.,0.,0.));
#4228=DIRECTION('',(0.,0.,1.));
#4229=DIRECTION('center_axis',(1.,6.34413156928661E-17,0.));
#4230=DIRECTION('ref_axis',(-6.34413156928661E-17,1.,0.));
#4231=DIRECTION('',(-6.34413156928661E-17,1.,0.));
#4232=DIRECTION('',(-6.34413156928661E-17,1.,0.));
#4233=DIRECTION('',(0.,0.,1.));
#4234=DIRECTION('center_axis',(0.,0.,1.));
#4235=DIRECTION('ref_axis',(-1.,0.,0.));
#4236=DIRECTION('center_axis',(0.,0.,1.));
#4237=DIRECTION('ref_axis',(-1.,0.,0.));
#4238=DIRECTION('center_axis',(0.,0.,1.));
#4239=DIRECTION('ref_axis',(-1.,0.,0.));
#4240=DIRECTION('center_axis',(0.,0.,1.));
#4241=DIRECTION('ref_axis',(-1.,0.,0.));
#4242=DIRECTION('center_axis',(0.,0.,1.));
#4243=DIRECTION('ref_axis',(-1.,0.,0.));
#4244=DIRECTION('center_axis',(-0.707106781186546,-0.707106781186549,0.));
#4245=DIRECTION('ref_axis',(0.707106781186549,-0.707106781186546,0.));
#4246=DIRECTION('',(-0.707106781186549,0.707106781186546,0.));
#4247=DIRECTION('',(0.,0.,1.));
#4248=DIRECTION('',(0.707106781186549,-0.707106781186546,0.));
#4249=DIRECTION('',(0.,0.,1.));
#4250=DIRECTION('center_axis',(-0.707106781186548,0.707106781186548,0.));
#4251=DIRECTION('ref_axis',(-0.707106781186548,-0.707106781186548,0.));
#4252=DIRECTION('',(0.707106781186547,0.707106781186547,0.));
#4253=DIRECTION('',(-0.707106781186547,-0.707106781186547,0.));
#4254=DIRECTION('',(0.,0.,1.));
#4255=DIRECTION('center_axis',(0.70710678118655,0.707106781186545,0.));
#4256=DIRECTION('ref_axis',(-0.707106781186545,0.70710678118655,0.));
#4257=DIRECTION('',(0.707106781186545,-0.70710678118655,0.));
#4258=DIRECTION('',(-0.707106781186545,0.70710678118655,0.));
#4259=DIRECTION('',(0.,0.,1.));
#4260=DIRECTION('center_axis',(0.707106781186546,-0.707106781186549,0.));
#4261=DIRECTION('ref_axis',(0.707106781186549,0.707106781186546,0.));
#4262=DIRECTION('',(-0.707106781186549,-0.707106781186546,0.));
#4263=DIRECTION('',(0.707106781186549,0.707106781186546,0.));
#4264=DIRECTION('center_axis',(0.,0.,1.));
#4265=DIRECTION('ref_axis',(1.,0.,0.));
#4266=DIRECTION('center_axis',(0.,0.,1.));
#4267=DIRECTION('ref_axis',(-1.,0.,0.));
#4268=DIRECTION('center_axis',(0.707091729179512,0.707121832873182,0.));
#4269=DIRECTION('ref_axis',(-0.707121832873182,0.707091729179512,0.));
#4270=DIRECTION('',(0.707121832873182,-0.707091729179512,0.));
#4271=DIRECTION('',(0.,0.,1.));
#4272=DIRECTION('',(-0.707121832873182,0.707091729179512,0.));
#4273=DIRECTION('',(0.,0.,1.));
#4274=DIRECTION('center_axis',(0.707121832873181,-0.707091729179513,0.));
#4275=DIRECTION('ref_axis',(0.707091729179513,0.707121832873181,0.));
#4276=DIRECTION('',(-0.707091729179513,-0.707121832873181,0.));
#4277=DIRECTION('',(0.707091729179513,0.707121832873181,0.));
#4278=DIRECTION('',(0.,0.,1.));
#4279=DIRECTION('center_axis',(-0.707091729179512,-0.707121832873182,0.));
#4280=DIRECTION('ref_axis',(0.707121832873182,-0.707091729179512,0.));
#4281=DIRECTION('',(-0.707121832873182,0.707091729179512,0.));
#4282=DIRECTION('',(0.707121832873182,-0.707091729179512,0.));
#4283=DIRECTION('',(0.,0.,1.));
#4284=DIRECTION('center_axis',(-0.707121832873182,0.707091729179512,0.));
#4285=DIRECTION('ref_axis',(-0.707091729179512,-0.707121832873182,0.));
#4286=DIRECTION('',(0.707091729179512,0.707121832873182,0.));
#4287=DIRECTION('',(-0.707091729179512,-0.707121832873182,0.));
#4288=DIRECTION('center_axis',(0.,0.,1.));
#4289=DIRECTION('ref_axis',(1.,0.,0.));
#4290=DIRECTION('center_axis',(0.,0.,1.));
#4291=DIRECTION('ref_axis',(-1.,0.,0.));
#4292=DIRECTION('center_axis',(0.707106781186546,-0.707106781186549,0.));
#4293=DIRECTION('ref_axis',(0.707106781186549,0.707106781186546,0.));
#4294=DIRECTION('',(-0.707106781186549,-0.707106781186546,0.));
#4295=DIRECTION('',(0.,0.,1.));
#4296=DIRECTION('',(0.707106781186549,0.707106781186546,0.));
#4297=DIRECTION('',(0.,0.,1.));
#4298=DIRECTION('center_axis',(-0.707106781186548,-0.707106781186547,0.));
#4299=DIRECTION('ref_axis',(0.707106781186547,-0.707106781186548,0.));
#4300=DIRECTION('',(-0.707106781186547,0.707106781186548,0.));
#4301=DIRECTION('',(0.707106781186547,-0.707106781186548,0.));
#4302=DIRECTION('',(0.,0.,1.));
#4303=DIRECTION('center_axis',(-0.707106781186549,0.707106781186546,0.));
#4304=DIRECTION('ref_axis',(-0.707106781186546,-0.707106781186549,0.));
#4305=DIRECTION('',(0.707106781186546,0.707106781186549,0.));
#4306=DIRECTION('',(-0.707106781186546,-0.707106781186549,0.));
#4307=DIRECTION('',(0.,0.,1.));
#4308=DIRECTION('center_axis',(0.707106781186549,0.707106781186546,0.));
#4309=DIRECTION('ref_axis',(-0.707106781186546,0.707106781186549,0.));
#4310=DIRECTION('',(0.707106781186546,-0.707106781186549,0.));
#4311=DIRECTION('',(-0.707106781186546,0.707106781186549,0.));
#4312=DIRECTION('center_axis',(0.,0.,1.));
#4313=DIRECTION('ref_axis',(1.,0.,0.));
#4314=DIRECTION('center_axis',(0.,0.,1.));
#4315=DIRECTION('ref_axis',(-1.,0.,0.));
#4316=DIRECTION('center_axis',(-0.707106781186393,-0.707106781186702,0.));
#4317=DIRECTION('ref_axis',(0.707106781186702,-0.707106781186393,0.));
#4318=DIRECTION('',(-0.707106781186702,0.707106781186393,0.));
#4319=DIRECTION('',(0.,0.,1.));
#4320=DIRECTION('',(0.707106781186702,-0.707106781186393,0.));
#4321=DIRECTION('',(0.,0.,1.));
#4322=DIRECTION('center_axis',(-0.707106781186703,0.707106781186392,0.));
#4323=DIRECTION('ref_axis',(-0.707106781186392,-0.707106781186703,0.));
#4324=DIRECTION('',(0.707106781186392,0.707106781186703,0.));
#4325=DIRECTION('',(-0.707106781186392,-0.707106781186703,0.));
#4326=DIRECTION('',(0.,0.,1.));
#4327=DIRECTION('center_axis',(0.707106781186392,0.707106781186703,0.));
#4328=DIRECTION('ref_axis',(-0.707106781186703,0.707106781186392,0.));
#4329=DIRECTION('',(0.707106781186703,-0.707106781186392,0.));
#4330=DIRECTION('',(-0.707106781186703,0.707106781186392,0.));
#4331=DIRECTION('',(0.,0.,1.));
#4332=DIRECTION('center_axis',(0.707106781186652,-0.707106781186443,0.));
#4333=DIRECTION('ref_axis',(0.707106781186443,0.707106781186652,0.));
#4334=DIRECTION('',(-0.707106781186443,-0.707106781186652,0.));
#4335=DIRECTION('',(0.707106781186443,0.707106781186652,0.));
#4336=DIRECTION('center_axis',(0.,0.,1.));
#4337=DIRECTION('ref_axis',(1.,0.,0.));
#4338=DIRECTION('center_axis',(0.,0.,1.));
#4339=DIRECTION('ref_axis',(-1.,0.,0.));
#4340=DIRECTION('center_axis',(0.,1.,0.));
#4341=DIRECTION('ref_axis',(-1.,0.,0.));
#4342=DIRECTION('',(-1.,0.,0.));
#4343=DIRECTION('',(0.,0.,1.));
#4344=DIRECTION('',(-1.,0.,0.));
#4345=DIRECTION('',(0.,0.,1.));
#4346=DIRECTION('center_axis',(1.,0.,0.));
#4347=DIRECTION('ref_axis',(0.,1.,0.));
#4348=DIRECTION('',(0.,1.,0.));
#4349=DIRECTION('',(0.,1.,0.));
#4350=DIRECTION('',(0.,0.,1.));
#4351=DIRECTION('center_axis',(0.,-1.,0.));
#4352=DIRECTION('ref_axis',(1.,0.,0.));
#4353=DIRECTION('',(1.,0.,0.));
#4354=DIRECTION('',(1.,0.,0.));
#4355=DIRECTION('',(0.,0.,1.));
#4356=DIRECTION('center_axis',(-1.,0.,0.));
#4357=DIRECTION('ref_axis',(0.,-1.,0.));
#4358=DIRECTION('',(0.,-1.,0.));
#4359=DIRECTION('',(0.,-1.,0.));
#4360=DIRECTION('center_axis',(0.,0.,1.));
#4361=DIRECTION('ref_axis',(1.,0.,0.));
#4362=DIRECTION('center_axis',(0.,0.,1.));
#4363=DIRECTION('ref_axis',(-1.,0.,0.));
#4364=CARTESIAN_POINT('',(0.,0.,0.));
#4365=CARTESIAN_POINT('Origin',(-16.,-16.,5.));
#4366=CARTESIAN_POINT('',(-18.5,-16.,4.));
#4367=CARTESIAN_POINT('',(-16.,-18.5,4.));
#4368=CARTESIAN_POINT('Origin',(-16.,-16.,4.));
#4369=CARTESIAN_POINT('',(-18.5,-16.,5.));
#4370=CARTESIAN_POINT('',(-18.5,-16.,5.));
#4371=CARTESIAN_POINT('',(-16.,-18.5,5.));
#4372=CARTESIAN_POINT('Origin',(-16.,-16.,5.));
#4373=CARTESIAN_POINT('',(-16.,-18.5,5.));
#4374=CARTESIAN_POINT('Origin',(18.5,-18.5,5.));
#4375=CARTESIAN_POINT('',(16.,-18.5,5.));
#4376=CARTESIAN_POINT('',(9.25,-18.5,5.));
#4377=CARTESIAN_POINT('',(16.,-18.5,4.));
#4378=CARTESIAN_POINT('',(16.,-18.5,5.));
#4379=CARTESIAN_POINT('',(18.5,-18.5,4.));
#4380=CARTESIAN_POINT('Origin',(16.,-16.,5.));
#4381=CARTESIAN_POINT('',(18.5,-16.,4.));
#4382=CARTESIAN_POINT('Origin',(16.,-16.,4.));
#4383=CARTESIAN_POINT('',(18.5,-16.,5.));
#4384=CARTESIAN_POINT('Origin',(16.,-16.,5.));
#4385=CARTESIAN_POINT('',(18.5,-16.,5.));
#4386=CARTESIAN_POINT('Origin',(18.5,18.5,5.));
#4387=CARTESIAN_POINT('',(18.5,16.,5.));
#4388=CARTESIAN_POINT('',(18.5,9.25000000000001,5.));
#4389=CARTESIAN_POINT('',(18.5,16.,4.));
#4390=CARTESIAN_POINT('',(18.5,16.,5.));
#4391=CARTESIAN_POINT('',(18.5,18.5,4.));
#4392=CARTESIAN_POINT('Origin',(-16.,16.,5.));
#4393=CARTESIAN_POINT('',(-16.,18.5,4.));
#4394=CARTESIAN_POINT('',(-18.5,16.,4.));
#4395=CARTESIAN_POINT('Origin',(-16.,16.,4.));
#4396=CARTESIAN_POINT('',(-16.,18.5,5.));
#4397=CARTESIAN_POINT('',(-16.,18.5,5.));
#4398=CARTESIAN_POINT('',(-18.5,16.,5.));
#4399=CARTESIAN_POINT('Origin',(-16.,16.,5.));
#4400=CARTESIAN_POINT('',(-18.5,16.,5.));
#4401=CARTESIAN_POINT('Origin',(-18.5,-18.5,5.));
#4402=CARTESIAN_POINT('',(-18.5,-18.5,4.));
#4403=CARTESIAN_POINT('',(-18.5,-9.24999999999999,5.));
#4404=CARTESIAN_POINT('Origin',(16.,16.,5.));
#4405=CARTESIAN_POINT('',(16.,18.5,4.));
#4406=CARTESIAN_POINT('Origin',(16.,16.,4.));
#4407=CARTESIAN_POINT('',(16.,18.5,5.));
#4408=CARTESIAN_POINT('Origin',(16.,16.,5.));
#4409=CARTESIAN_POINT('',(16.,18.5,5.));
#4410=CARTESIAN_POINT('Origin',(-18.5,18.5,5.));
#4411=CARTESIAN_POINT('',(-18.5,18.5,4.));
#4412=CARTESIAN_POINT('',(-9.25,18.5,5.));
#4413=CARTESIAN_POINT('Origin',(0.,0.,4.));
#4414=CARTESIAN_POINT('',(17.25,-15.25,4.));
#4415=CARTESIAN_POINT('Origin',(15.25,-15.25,4.));
#4416=CARTESIAN_POINT('',(17.25,15.25,4.));
#4417=CARTESIAN_POINT('Origin',(15.25,15.25,4.));
#4418=CARTESIAN_POINT('',(-13.25,15.25,4.));
#4419=CARTESIAN_POINT('Origin',(-15.25,15.25,4.));
#4420=CARTESIAN_POINT('',(-13.25,-15.25,4.));
#4421=CARTESIAN_POINT('Origin',(-15.25,-15.25,4.));
#4422=CARTESIAN_POINT('Origin',(55.6005050633883,-75.3994949366117,0.));
#4423=CARTESIAN_POINT('',(59.8431457505076,-71.1568542494924,0.));
#4424=CARTESIAN_POINT('',(61.5730945915551,-75.9723599538994,0.));
#4425=CARTESIAN_POINT('Origin',(55.6005050633883,-75.3994949366117,0.));
#4426=CARTESIAN_POINT('',(61.5730945915551,-75.9723599538994,5.));
#4427=CARTESIAN_POINT('',(61.5730945915551,-75.9723599538994,0.));
#4428=CARTESIAN_POINT('',(59.8431457505076,-71.1568542494924,5.));
#4429=CARTESIAN_POINT('Origin',(55.6005050633883,-75.3994949366117,5.));
#4430=CARTESIAN_POINT('',(59.8431457505076,-71.1568542494924,0.));
#4431=CARTESIAN_POINT('Origin',(77.5,-77.5,0.));
#4432=CARTESIAN_POINT('',(75.9723599538994,-61.5730945915551,0.));
#4433=CARTESIAN_POINT('Origin',(77.5,-77.5,0.));
#4434=CARTESIAN_POINT('',(75.9723599538994,-61.5730945915551,5.));
#4435=CARTESIAN_POINT('',(75.9723599538994,-61.5730945915551,0.));
#4436=CARTESIAN_POINT('Origin',(77.5,-77.5,5.));
#4437=CARTESIAN_POINT('Origin',(-55.6005050633884,75.3994949366116,0.));
#4438=CARTESIAN_POINT('',(-59.8431457505077,71.1568542494924,0.));
#4439=CARTESIAN_POINT('',(-61.5730945915552,75.9723599538994,0.));
#4440=CARTESIAN_POINT('Origin',(-55.6005050633884,75.3994949366116,0.));
#4441=CARTESIAN_POINT('',(-61.5730945915552,75.9723599538994,5.));
#4442=CARTESIAN_POINT('',(-61.5730945915552,75.9723599538994,0.));
#4443=CARTESIAN_POINT('',(-59.8431457505077,71.1568542494924,5.));
#4444=CARTESIAN_POINT('Origin',(-55.6005050633884,75.3994949366116,5.));
#4445=CARTESIAN_POINT('',(-59.8431457505076,71.1568542494924,0.));
#4446=CARTESIAN_POINT('Origin',(-77.5,77.5,0.));
#4447=CARTESIAN_POINT('',(-75.9723599538994,61.5730945915552,0.));
#4448=CARTESIAN_POINT('Origin',(-77.5,77.5,0.));
#4449=CARTESIAN_POINT('',(-75.9723599538994,61.5730945915552,5.));
#4450=CARTESIAN_POINT('',(-75.9723599538994,61.5730945915552,0.));
#4451=CARTESIAN_POINT('Origin',(-77.5,77.5,5.));
#4452=CARTESIAN_POINT('Origin',(-75.3994949366117,55.6005050633884,0.));
#4453=CARTESIAN_POINT('',(-71.1568542494924,59.8431457505076,0.));
#4454=CARTESIAN_POINT('Origin',(-75.3994949366117,55.6005050633884,0.));
#4455=CARTESIAN_POINT('',(-71.1568542494924,59.8431457505076,5.));
#4456=CARTESIAN_POINT('',(-71.1568542494924,59.8431457505076,0.));
#4457=CARTESIAN_POINT('Origin',(-75.3994949366117,55.6005050633884,5.));
#4458=CARTESIAN_POINT('Origin',(-73.3588952783597,62.0451867793749,0.));
#4459=CARTESIAN_POINT('',(-29.2573593128807,17.9436508138959,0.));
#4460=CARTESIAN_POINT('',(62.0451867793749,-73.3588952783597,0.));
#4461=CARTESIAN_POINT('',(-29.2573593128807,17.9436508138959,5.));
#4462=CARTESIAN_POINT('',(-29.2573593128807,17.9436508138959,0.));
#4463=CARTESIAN_POINT('',(62.0451867793749,-73.3588952783597,5.));
#4464=CARTESIAN_POINT('Origin',(75.3994949366117,-55.6005050633883,0.));
#4465=CARTESIAN_POINT('',(71.1568542494924,-59.8431457505076,0.));
#4466=CARTESIAN_POINT('Origin',(75.3994949366117,-55.6005050633883,0.));
#4467=CARTESIAN_POINT('',(71.1568542494924,-59.8431457505076,5.));
#4468=CARTESIAN_POINT('',(71.1568542494924,-59.8431457505076,0.));
#4469=CARTESIAN_POINT('Origin',(75.3994949366117,-55.6005050633883,5.));
#4470=CARTESIAN_POINT('Origin',(73.3588952783597,-62.0451867793749,0.));
#4471=CARTESIAN_POINT('',(29.2573593128807,-17.9436508138959,0.));
#4472=CARTESIAN_POINT('',(73.3588952783597,-62.0451867793749,0.));
#4473=CARTESIAN_POINT('',(29.2573593128807,-17.9436508138959,5.));
#4474=CARTESIAN_POINT('',(29.2573593128807,-17.943650813896,0.));
#4475=CARTESIAN_POINT('',(73.3588952783597,-62.0451867793749,5.));
#4476=CARTESIAN_POINT('Origin',(-33.5,13.7010101267767,0.));
#4477=CARTESIAN_POINT('',(-27.5,13.7010101267767,0.));
#4478=CARTESIAN_POINT('Origin',(-33.5,13.7010101267767,0.));
#4479=CARTESIAN_POINT('',(-27.5,13.7010101267767,5.));
#4480=CARTESIAN_POINT('',(-27.5,13.7010101267767,0.));
#4481=CARTESIAN_POINT('Origin',(-33.5,13.7010101267767,5.));
#4482=CARTESIAN_POINT('Origin',(-27.5,16.1862915010152,0.));
#4483=CARTESIAN_POINT('',(-27.5,-16.1862915010092,0.));
#4484=CARTESIAN_POINT('',(-27.5,-27.5,0.));
#4485=CARTESIAN_POINT('',(-27.5,-16.1862915010092,5.));
#4486=CARTESIAN_POINT('',(-27.5,-16.1862915010092,0.));
#4487=CARTESIAN_POINT('',(-27.5,-27.5,5.));
#4488=CARTESIAN_POINT('Origin',(-13.7010101267767,33.5,0.));
#4489=CARTESIAN_POINT('',(-13.7010101267767,27.5,0.));
#4490=CARTESIAN_POINT('',(-17.943650813896,29.2573593128807,0.));
#4491=CARTESIAN_POINT('Origin',(-13.7010101267767,33.5,0.));
#4492=CARTESIAN_POINT('',(-17.943650813896,29.2573593128807,5.));
#4493=CARTESIAN_POINT('',(-17.943650813896,29.2573593128807,0.));
#4494=CARTESIAN_POINT('',(-13.7010101267767,27.5,5.));
#4495=CARTESIAN_POINT('Origin',(-13.7010101267767,33.5,5.));
#4496=CARTESIAN_POINT('',(-13.7010101267767,27.5,0.));
#4497=CARTESIAN_POINT('Origin',(-16.1862915010153,27.5,0.));
#4498=CARTESIAN_POINT('',(73.3588952783597,-62.0451867793749,5.));
#4499=CARTESIAN_POINT('',(73.3588952783597,-62.0451867793749,0.));
#4500=CARTESIAN_POINT('Origin',(33.5,-13.7010101267767,0.));
#4501=CARTESIAN_POINT('',(27.5,-13.7010101267767,0.));
#4502=CARTESIAN_POINT('Origin',(33.5,-13.7010101267767,0.));
#4503=CARTESIAN_POINT('',(27.5,-13.7010101267767,5.));
#4504=CARTESIAN_POINT('',(27.5,-13.7010101267767,0.));
#4505=CARTESIAN_POINT('Origin',(33.5,-13.7010101267767,5.));
#4506=CARTESIAN_POINT('Origin',(27.5,-16.1862915010152,0.));
#4507=CARTESIAN_POINT('',(27.5,16.1862915010031,0.));
#4508=CARTESIAN_POINT('',(27.5,27.5,0.));
#4509=CARTESIAN_POINT('',(27.5,16.1862915010031,5.));
#4510=CARTESIAN_POINT('',(27.5,16.1862915010031,0.));
#4511=CARTESIAN_POINT('',(27.5,27.5,5.));
#4512=CARTESIAN_POINT('Origin',(15.25,-15.25,5.));
#4513=CARTESIAN_POINT('',(17.25,-15.25,0.));
#4514=CARTESIAN_POINT('',(17.25,-15.25,5.));
#4515=CARTESIAN_POINT('Origin',(15.25,-15.25,0.));
#4516=CARTESIAN_POINT('Origin',(-15.25,15.25,5.));
#4517=CARTESIAN_POINT('',(-13.25,15.25,0.));
#4518=CARTESIAN_POINT('',(-13.25,15.25,5.));
#4519=CARTESIAN_POINT('Origin',(-15.25,15.25,0.));
#4520=CARTESIAN_POINT('Origin',(15.25,15.25,5.));
#4521=CARTESIAN_POINT('',(17.25,15.25,0.));
#4522=CARTESIAN_POINT('',(17.25,15.25,5.));
#4523=CARTESIAN_POINT('Origin',(15.25,15.25,0.));
#4524=CARTESIAN_POINT('Origin',(-15.25,-15.25,5.));
#4525=CARTESIAN_POINT('',(-13.25,-15.25,0.));
#4526=CARTESIAN_POINT('',(-13.25,-15.25,5.));
#4527=CARTESIAN_POINT('Origin',(-15.25,-15.25,0.));
#4528=CARTESIAN_POINT('Origin',(0.,1.77635683940025E-14,0.));
#4529=CARTESIAN_POINT('',(16.1862915010032,27.5,0.));
#4530=CARTESIAN_POINT('',(-27.5,27.5,0.));
#4531=CARTESIAN_POINT('',(62.045186779371,73.3588952783741,0.));
#4532=CARTESIAN_POINT('',(62.045186779371,73.3588952783741,0.));
#4533=CARTESIAN_POINT('',(73.3588952783742,62.045186779371,0.));
#4534=CARTESIAN_POINT('Origin',(77.5,77.5,0.));
#4535=CARTESIAN_POINT('',(-62.045186779375,-73.3588952783595,0.));
#4536=CARTESIAN_POINT('',(16.1862915010152,-27.5,0.));
#4537=CARTESIAN_POINT('',(62.0451867793749,-73.3588952783597,0.));
#4538=CARTESIAN_POINT('',(-16.1862915010091,-27.5,0.));
#4539=CARTESIAN_POINT('',(27.5,-27.5,0.));
#4540=CARTESIAN_POINT('',(-62.045186779375,-73.3588952783595,0.));
#4541=CARTESIAN_POINT('',(-62.045186779375,-73.3588952783595,0.));
#4542=CARTESIAN_POINT('',(-73.3588952783595,-62.045186779375,0.));
#4543=CARTESIAN_POINT('Origin',(-77.5,-77.5,0.));
#4544=CARTESIAN_POINT('',(62.045186779371,73.3588952783741,0.));
#4545=CARTESIAN_POINT('',(70.,77.5,0.));
#4546=CARTESIAN_POINT('Origin',(68.,77.5,0.));
#4547=CARTESIAN_POINT('',(-85.,77.5,0.));
#4548=CARTESIAN_POINT('Origin',(-87.,77.5,0.));
#4549=CARTESIAN_POINT('',(-85.,-77.5,0.));
#4550=CARTESIAN_POINT('Origin',(-87.,-77.5,0.));
#4551=CARTESIAN_POINT('',(70.,-77.5,0.));
#4552=CARTESIAN_POINT('Origin',(68.,-77.5,0.));
#4553=CARTESIAN_POINT('',(79.5,-69.5,0.));
#4554=CARTESIAN_POINT('Origin',(77.5,-69.5,0.));
#4555=CARTESIAN_POINT('',(-75.5,-85.5,0.));
#4556=CARTESIAN_POINT('Origin',(-77.5,-85.5,0.));
#4557=CARTESIAN_POINT('',(-75.5,69.5,0.));
#4558=CARTESIAN_POINT('Origin',(-77.5,69.5,0.));
#4559=CARTESIAN_POINT('',(79.5,69.5,0.));
#4560=CARTESIAN_POINT('Origin',(77.5,69.5,0.));
#4561=CARTESIAN_POINT('',(79.5,85.5,0.));
#4562=CARTESIAN_POINT('Origin',(77.5,85.5,0.));
#4563=CARTESIAN_POINT('',(-75.5,85.5,0.));
#4564=CARTESIAN_POINT('Origin',(-77.5,85.5,0.));
#4565=CARTESIAN_POINT('',(-75.5,-69.5,0.));
#4566=CARTESIAN_POINT('Origin',(-77.5,-69.5,0.));
#4567=CARTESIAN_POINT('',(79.5,-85.5,0.));
#4568=CARTESIAN_POINT('Origin',(77.5,-85.5,0.));
#4569=CARTESIAN_POINT('',(89.,-77.5,0.));
#4570=CARTESIAN_POINT('Origin',(87.,-77.5,0.));
#4571=CARTESIAN_POINT('',(-66.,-77.5,0.));
#4572=CARTESIAN_POINT('Origin',(-68.,-77.5,0.));
#4573=CARTESIAN_POINT('',(-66.,77.5,0.));
#4574=CARTESIAN_POINT('Origin',(-68.,77.5,0.));
#4575=CARTESIAN_POINT('',(89.,77.5,0.));
#4576=CARTESIAN_POINT('Origin',(87.,77.5,0.));
#4577=CARTESIAN_POINT('Origin',(87.,77.5,5.));
#4578=CARTESIAN_POINT('',(89.,77.5,5.));
#4579=CARTESIAN_POINT('Origin',(87.,77.5,5.));
#4580=CARTESIAN_POINT('',(89.,77.5,5.));
#4581=CARTESIAN_POINT('Origin',(-68.,77.5,5.));
#4582=CARTESIAN_POINT('',(-66.,77.5,5.));
#4583=CARTESIAN_POINT('Origin',(-68.,77.5,5.));
#4584=CARTESIAN_POINT('',(-66.,77.5,5.));
#4585=CARTESIAN_POINT('Origin',(-68.,-77.5,5.));
#4586=CARTESIAN_POINT('',(-66.,-77.5,5.));
#4587=CARTESIAN_POINT('Origin',(-68.,-77.5,5.));
#4588=CARTESIAN_POINT('',(-66.,-77.5,5.));
#4589=CARTESIAN_POINT('Origin',(87.,-77.5,5.));
#4590=CARTESIAN_POINT('',(89.,-77.5,5.));
#4591=CARTESIAN_POINT('Origin',(87.,-77.5,5.));
#4592=CARTESIAN_POINT('',(89.,-77.5,5.));
#4593=CARTESIAN_POINT('Origin',(77.5,-85.5,5.));
#4594=CARTESIAN_POINT('',(79.5,-85.5,5.));
#4595=CARTESIAN_POINT('Origin',(77.5,-85.5,5.));
#4596=CARTESIAN_POINT('',(79.5,-85.5,5.));
#4597=CARTESIAN_POINT('Origin',(-77.5,-69.5,5.));
#4598=CARTESIAN_POINT('',(-75.5,-69.5,5.));
#4599=CARTESIAN_POINT('Origin',(-77.5,-69.5,5.));
#4600=CARTESIAN_POINT('',(-75.5,-69.5,5.));
#4601=CARTESIAN_POINT('Origin',(-77.5,85.5,5.));
#4602=CARTESIAN_POINT('',(-75.5,85.5,5.));
#4603=CARTESIAN_POINT('Origin',(-77.5,85.5,5.));
#4604=CARTESIAN_POINT('',(-75.5,85.5,5.));
#4605=CARTESIAN_POINT('Origin',(77.5,85.5,5.));
#4606=CARTESIAN_POINT('',(79.5,85.5,5.));
#4607=CARTESIAN_POINT('Origin',(77.5,85.5,5.));
#4608=CARTESIAN_POINT('',(79.5,85.5,5.));
#4609=CARTESIAN_POINT('Origin',(77.5,69.5,5.));
#4610=CARTESIAN_POINT('',(79.5,69.5,5.));
#4611=CARTESIAN_POINT('Origin',(77.5,69.5,5.));
#4612=CARTESIAN_POINT('',(79.5,69.5,5.));
#4613=CARTESIAN_POINT('Origin',(-77.5,69.5,5.));
#4614=CARTESIAN_POINT('',(-75.5,69.5,5.));
#4615=CARTESIAN_POINT('Origin',(-77.5,69.5,5.));
#4616=CARTESIAN_POINT('',(-75.5,69.5,5.));
#4617=CARTESIAN_POINT('Origin',(-77.5,-85.5,5.));
#4618=CARTESIAN_POINT('',(-75.5,-85.5,5.));
#4619=CARTESIAN_POINT('Origin',(-77.5,-85.5,5.));
#4620=CARTESIAN_POINT('',(-75.5,-85.5,5.));
#4621=CARTESIAN_POINT('Origin',(77.5,-69.5,5.));
#4622=CARTESIAN_POINT('',(79.5,-69.5,5.));
#4623=CARTESIAN_POINT('Origin',(77.5,-69.5,5.));
#4624=CARTESIAN_POINT('',(79.5,-69.5,5.));
#4625=CARTESIAN_POINT('Origin',(68.,-77.5,5.));
#4626=CARTESIAN_POINT('',(70.,-77.5,5.));
#4627=CARTESIAN_POINT('Origin',(68.,-77.5,5.));
#4628=CARTESIAN_POINT('',(70.,-77.5,5.));
#4629=CARTESIAN_POINT('Origin',(-87.,-77.5,5.));
#4630=CARTESIAN_POINT('',(-85.,-77.5,5.));
#4631=CARTESIAN_POINT('Origin',(-87.,-77.5,5.));
#4632=CARTESIAN_POINT('',(-85.,-77.5,5.));
#4633=CARTESIAN_POINT('Origin',(-87.,77.5,5.));
#4634=CARTESIAN_POINT('',(-85.,77.5,5.));
#4635=CARTESIAN_POINT('Origin',(-87.,77.5,5.));
#4636=CARTESIAN_POINT('',(-85.,77.5,5.));
#4637=CARTESIAN_POINT('Origin',(68.,77.5,5.));
#4638=CARTESIAN_POINT('',(70.,77.5,5.));
#4639=CARTESIAN_POINT('Origin',(68.,77.5,5.));
#4640=CARTESIAN_POINT('',(70.,77.5,5.));
#4641=CARTESIAN_POINT('Origin',(-27.5,-16.1862915010092,0.));
#4642=CARTESIAN_POINT('',(-73.3588952783595,-62.045186779375,5.));
#4643=CARTESIAN_POINT('',(-73.3588952783595,-62.045186779375,0.));
#4644=CARTESIAN_POINT('',(62.045186779371,73.3588952783741,5.));
#4645=CARTESIAN_POINT('Origin',(16.1862915010032,27.5,0.));
#4646=CARTESIAN_POINT('',(16.1862915010032,27.5,5.));
#4647=CARTESIAN_POINT('',(-27.5,27.5,5.));
#4648=CARTESIAN_POINT('',(16.1862915010032,27.5,0.));
#4649=CARTESIAN_POINT('Origin',(62.045186779371,73.3588952783741,0.));
#4650=CARTESIAN_POINT('',(62.045186779371,73.3588952783741,5.));
#4651=CARTESIAN_POINT('',(62.045186779371,73.3588952783741,5.));
#4652=CARTESIAN_POINT('',(62.045186779371,73.3588952783741,0.));
#4653=CARTESIAN_POINT('Origin',(77.5,77.5,0.));
#4654=CARTESIAN_POINT('',(73.3588952783742,62.045186779371,5.));
#4655=CARTESIAN_POINT('Origin',(77.5,77.5,5.));
#4656=CARTESIAN_POINT('',(73.3588952783742,62.045186779371,0.));
#4657=CARTESIAN_POINT('Origin',(27.5,16.1862915010031,0.));
#4658=CARTESIAN_POINT('',(-62.045186779375,-73.3588952783595,5.));
#4659=CARTESIAN_POINT('Origin',(16.1862915010152,-27.5,0.));
#4660=CARTESIAN_POINT('',(16.1862915010153,-27.5,5.));
#4661=CARTESIAN_POINT('',(62.0451867793749,-73.3588952783597,5.));
#4662=CARTESIAN_POINT('',(16.1862915010152,-27.5,0.));
#4663=CARTESIAN_POINT('Origin',(-16.1862915010091,-27.5,0.));
#4664=CARTESIAN_POINT('',(-16.1862915010091,-27.5,5.));
#4665=CARTESIAN_POINT('',(27.5,-27.5,5.));
#4666=CARTESIAN_POINT('',(-16.1862915010091,-27.5,0.));
#4667=CARTESIAN_POINT('Origin',(-62.045186779375,-73.3588952783595,0.));
#4668=CARTESIAN_POINT('',(-62.045186779375,-73.3588952783595,5.));
#4669=CARTESIAN_POINT('',(-62.045186779375,-73.3588952783595,5.));
#4670=CARTESIAN_POINT('',(-62.045186779375,-73.3588952783595,0.));
#4671=CARTESIAN_POINT('Origin',(-77.5,-77.5,0.));
#4672=CARTESIAN_POINT('Origin',(-77.5,-77.5,5.));
#4673=CARTESIAN_POINT('Origin',(0.,1.77635683940025E-14,5.));
#4674=CARTESIAN_POINT('Origin',(-15.25,15.25,19.));
#4675=CARTESIAN_POINT('',(-16.85,15.25,22.));
#4676=CARTESIAN_POINT('Origin',(-15.25,15.25,22.));
#4677=CARTESIAN_POINT('',(-16.85,15.25,19.));
#4678=CARTESIAN_POINT('',(-16.85,15.25,19.));
#4679=CARTESIAN_POINT('Origin',(-15.25,15.25,19.));
#4680=CARTESIAN_POINT('Origin',(-40.,-16.,19.));
#4681=CARTESIAN_POINT('',(-42.,-16.,22.));
#4682=CARTESIAN_POINT('Origin',(-40.,-16.,22.));
#4683=CARTESIAN_POINT('',(-42.,-16.,19.));
#4684=CARTESIAN_POINT('',(-42.,-16.,19.));
#4685=CARTESIAN_POINT('Origin',(-40.,-16.,19.));
#4686=CARTESIAN_POINT('Origin',(-15.25,-15.25,19.));
#4687=CARTESIAN_POINT('',(-16.85,-15.25,22.));
#4688=CARTESIAN_POINT('Origin',(-15.25,-15.25,22.));
#4689=CARTESIAN_POINT('',(-16.85,-15.25,19.));
#4690=CARTESIAN_POINT('',(-16.85,-15.25,19.));
#4691=CARTESIAN_POINT('Origin',(-15.25,-15.25,19.));
#4692=CARTESIAN_POINT('Origin',(40.,16.,19.));
#4693=CARTESIAN_POINT('',(38.,16.,22.));
#4694=CARTESIAN_POINT('Origin',(40.,16.,22.));
#4695=CARTESIAN_POINT('',(38.,16.,19.));
#4696=CARTESIAN_POINT('',(38.,16.,19.));
#4697=CARTESIAN_POINT('Origin',(40.,16.,19.));
#4698=CARTESIAN_POINT('Origin',(-40.,16.,19.));
#4699=CARTESIAN_POINT('',(-42.,16.,22.));
#4700=CARTESIAN_POINT('Origin',(-40.,16.,22.));
#4701=CARTESIAN_POINT('',(-42.,16.,19.));
#4702=CARTESIAN_POINT('',(-42.,16.,19.));
#4703=CARTESIAN_POINT('Origin',(-40.,16.,19.));
#4704=CARTESIAN_POINT('Origin',(15.25,-15.25,19.));
#4705=CARTESIAN_POINT('',(13.65,-15.25,22.));
#4706=CARTESIAN_POINT('Origin',(15.25,-15.25,22.));
#4707=CARTESIAN_POINT('',(13.65,-15.25,19.));
#4708=CARTESIAN_POINT('',(13.65,-15.25,19.));
#4709=CARTESIAN_POINT('Origin',(15.25,-15.25,19.));
#4710=CARTESIAN_POINT('Origin',(15.25,15.25,19.));
#4711=CARTESIAN_POINT('',(13.65,15.25,22.));
#4712=CARTESIAN_POINT('Origin',(15.25,15.25,22.));
#4713=CARTESIAN_POINT('',(13.65,15.25,19.));
#4714=CARTESIAN_POINT('',(13.65,15.25,19.));
#4715=CARTESIAN_POINT('Origin',(15.25,15.25,19.));
#4716=CARTESIAN_POINT('Origin',(40.,-16.,19.));
#4717=CARTESIAN_POINT('',(38.,-16.,22.));
#4718=CARTESIAN_POINT('Origin',(40.,-16.,22.));
#4719=CARTESIAN_POINT('',(38.,-16.,19.));
#4720=CARTESIAN_POINT('',(38.,-16.,19.));
#4721=CARTESIAN_POINT('Origin',(40.,-16.,19.));
#4722=CARTESIAN_POINT('Origin',(-45.,20.,19.));
#4723=CARTESIAN_POINT('',(-45.,-20.,19.));
#4724=CARTESIAN_POINT('',(-45.,20.,19.));
#4725=CARTESIAN_POINT('',(-45.,-20.,19.));
#4726=CARTESIAN_POINT('',(-45.,-20.,22.));
#4727=CARTESIAN_POINT('',(-45.,-20.,19.));
#4728=CARTESIAN_POINT('',(-45.,20.,22.));
#4729=CARTESIAN_POINT('',(-45.,-20.,22.));
#4730=CARTESIAN_POINT('',(-45.,20.,19.));
#4731=CARTESIAN_POINT('Origin',(45.,20.,19.));
#4732=CARTESIAN_POINT('',(45.,20.,19.));
#4733=CARTESIAN_POINT('',(-45.,20.,19.));
#4734=CARTESIAN_POINT('',(45.,20.,22.));
#4735=CARTESIAN_POINT('',(-45.,20.,22.));
#4736=CARTESIAN_POINT('',(45.,20.,19.));
#4737=CARTESIAN_POINT('Origin',(45.,-20.,19.));
#4738=CARTESIAN_POINT('',(45.,-20.,19.));
#4739=CARTESIAN_POINT('',(45.,20.,19.));
#4740=CARTESIAN_POINT('',(45.,-20.,22.));
#4741=CARTESIAN_POINT('',(45.,20.,22.));
#4742=CARTESIAN_POINT('',(45.,-20.,19.));
#4743=CARTESIAN_POINT('Origin',(-45.,-20.,19.));
#4744=CARTESIAN_POINT('',(45.,-20.,19.));
#4745=CARTESIAN_POINT('',(45.,-20.,22.));
#4746=CARTESIAN_POINT('Origin',(3.5527136788005E-14,-2.22044604925031E-15,
22.));
#4747=CARTESIAN_POINT('Origin',(3.5527136788005E-14,-2.22044604925031E-15,
19.));
#4748=CARTESIAN_POINT('Origin',(77.5,77.5,23.));
#4749=CARTESIAN_POINT('',(80.,77.5,36.));
#4750=CARTESIAN_POINT('Origin',(77.5,77.5,36.));
#4751=CARTESIAN_POINT('',(80.,77.5,23.));
#4752=CARTESIAN_POINT('',(80.,77.5,23.));
#4753=CARTESIAN_POINT('Origin',(77.5,77.5,23.));
#4754=CARTESIAN_POINT('Origin',(77.5,77.5,36.));
#4755=CARTESIAN_POINT('Origin',(68.,77.5,5.));
#4756=CARTESIAN_POINT('',(70.,77.5,23.));
#4757=CARTESIAN_POINT('Origin',(68.,77.5,23.));
#4758=CARTESIAN_POINT('',(70.,77.5,5.));
#4759=CARTESIAN_POINT('',(70.,77.5,5.));
#4760=CARTESIAN_POINT('Origin',(68.,77.5,5.));
#4761=CARTESIAN_POINT('Origin',(77.5,69.5,5.));
#4762=CARTESIAN_POINT('',(79.5,69.5,23.));
#4763=CARTESIAN_POINT('Origin',(77.5,69.5,23.));
#4764=CARTESIAN_POINT('',(79.5,69.5,5.));
#4765=CARTESIAN_POINT('',(79.5,69.5,5.));
#4766=CARTESIAN_POINT('Origin',(77.5,69.5,5.));
#4767=CARTESIAN_POINT('Origin',(77.5,85.5,5.));
#4768=CARTESIAN_POINT('',(79.5,85.5,23.));
#4769=CARTESIAN_POINT('Origin',(77.5,85.5,23.));
#4770=CARTESIAN_POINT('',(79.5,85.5,5.));
#4771=CARTESIAN_POINT('',(79.5,85.5,5.));
#4772=CARTESIAN_POINT('Origin',(77.5,85.5,5.));
#4773=CARTESIAN_POINT('Origin',(87.,77.5,5.));
#4774=CARTESIAN_POINT('',(89.,77.5,23.));
#4775=CARTESIAN_POINT('Origin',(87.,77.5,23.));
#4776=CARTESIAN_POINT('',(89.,77.5,5.));
#4777=CARTESIAN_POINT('',(89.,77.5,5.));
#4778=CARTESIAN_POINT('Origin',(87.,77.5,5.));
#4779=CARTESIAN_POINT('Origin',(77.5,77.5,5.));
#4780=CARTESIAN_POINT('',(90.5,77.5,23.));
#4781=CARTESIAN_POINT('Origin',(77.5,77.5,23.));
#4782=CARTESIAN_POINT('',(90.5,77.5,5.));
#4783=CARTESIAN_POINT('',(90.5,77.5,5.));
#4784=CARTESIAN_POINT('Origin',(77.5,77.5,5.));
#4785=CARTESIAN_POINT('Origin',(77.5,77.5,23.));
#4786=CARTESIAN_POINT('Origin',(77.5,77.5,5.));
#4787=CARTESIAN_POINT('Origin',(-77.5,77.5,23.));
#4788=CARTESIAN_POINT('',(-75.,77.5,36.));
#4789=CARTESIAN_POINT('Origin',(-77.5,77.5,36.));
#4790=CARTESIAN_POINT('',(-75.,77.5,23.));
#4791=CARTESIAN_POINT('',(-75.,77.5,23.));
#4792=CARTESIAN_POINT('Origin',(-77.5,77.5,23.));
#4793=CARTESIAN_POINT('Origin',(-77.5,77.5,36.));
#4794=CARTESIAN_POINT('Origin',(-87.,77.5,5.));
#4795=CARTESIAN_POINT('',(-85.,77.5,23.));
#4796=CARTESIAN_POINT('Origin',(-87.,77.5,23.));
#4797=CARTESIAN_POINT('',(-85.,77.5,5.));
#4798=CARTESIAN_POINT('',(-85.,77.5,5.));
#4799=CARTESIAN_POINT('Origin',(-87.,77.5,5.));
#4800=CARTESIAN_POINT('Origin',(-77.5,69.5,5.));
#4801=CARTESIAN_POINT('',(-75.5,69.5,23.));
#4802=CARTESIAN_POINT('Origin',(-77.5,69.5,23.));
#4803=CARTESIAN_POINT('',(-75.5,69.5,5.));
#4804=CARTESIAN_POINT('',(-75.5,69.5,5.));
#4805=CARTESIAN_POINT('Origin',(-77.5,69.5,5.));
#4806=CARTESIAN_POINT('Origin',(-68.,77.5,5.));
#4807=CARTESIAN_POINT('',(-66.,77.5,23.));
#4808=CARTESIAN_POINT('Origin',(-68.,77.5,23.));
#4809=CARTESIAN_POINT('',(-66.,77.5,5.));
#4810=CARTESIAN_POINT('',(-66.,77.5,5.));
#4811=CARTESIAN_POINT('Origin',(-68.,77.5,5.));
#4812=CARTESIAN_POINT('Origin',(-77.5,85.5,5.));
#4813=CARTESIAN_POINT('',(-75.5,85.5,23.));
#4814=CARTESIAN_POINT('Origin',(-77.5,85.5,23.));
#4815=CARTESIAN_POINT('',(-75.5,85.5,5.));
#4816=CARTESIAN_POINT('',(-75.5,85.5,5.));
#4817=CARTESIAN_POINT('Origin',(-77.5,85.5,5.));
#4818=CARTESIAN_POINT('Origin',(-77.5,77.5,5.));
#4819=CARTESIAN_POINT('',(-64.5,77.5,23.));
#4820=CARTESIAN_POINT('Origin',(-77.5,77.5,23.));
#4821=CARTESIAN_POINT('',(-64.5,77.5,5.));
#4822=CARTESIAN_POINT('',(-64.5,77.5,5.));
#4823=CARTESIAN_POINT('Origin',(-77.5,77.5,5.));
#4824=CARTESIAN_POINT('Origin',(-77.5,77.5,23.));
#4825=CARTESIAN_POINT('Origin',(-77.5,77.5,5.));
#4826=CARTESIAN_POINT('Origin',(77.5,-77.5,23.));
#4827=CARTESIAN_POINT('',(80.,-77.5,36.));
#4828=CARTESIAN_POINT('Origin',(77.5,-77.5,36.));
#4829=CARTESIAN_POINT('',(80.,-77.5,23.));
#4830=CARTESIAN_POINT('',(80.,-77.5,23.));
#4831=CARTESIAN_POINT('Origin',(77.5,-77.5,23.));
#4832=CARTESIAN_POINT('Origin',(77.5,-77.5,36.));
#4833=CARTESIAN_POINT('Origin',(77.5,-69.5,5.));
#4834=CARTESIAN_POINT('',(79.5,-69.5,23.));
#4835=CARTESIAN_POINT('Origin',(77.5,-69.5,23.));
#4836=CARTESIAN_POINT('',(79.5,-69.5,5.));
#4837=CARTESIAN_POINT('',(79.5,-69.5,5.));
#4838=CARTESIAN_POINT('Origin',(77.5,-69.5,5.));
#4839=CARTESIAN_POINT('Origin',(77.5,-85.5,5.));
#4840=CARTESIAN_POINT('',(79.5,-85.5,23.));
#4841=CARTESIAN_POINT('Origin',(77.5,-85.5,23.));
#4842=CARTESIAN_POINT('',(79.5,-85.5,5.));
#4843=CARTESIAN_POINT('',(79.5,-85.5,5.));
#4844=CARTESIAN_POINT('Origin',(77.5,-85.5,5.));
#4845=CARTESIAN_POINT('Origin',(68.,-77.5,5.));
#4846=CARTESIAN_POINT('',(70.,-77.5,23.));
#4847=CARTESIAN_POINT('Origin',(68.,-77.5,23.));
#4848=CARTESIAN_POINT('',(70.,-77.5,5.));
#4849=CARTESIAN_POINT('',(70.,-77.5,5.));
#4850=CARTESIAN_POINT('Origin',(68.,-77.5,5.));
#4851=CARTESIAN_POINT('Origin',(87.,-77.5,5.));
#4852=CARTESIAN_POINT('',(89.,-77.5,23.));
#4853=CARTESIAN_POINT('Origin',(87.,-77.5,23.));
#4854=CARTESIAN_POINT('',(89.,-77.5,5.));
#4855=CARTESIAN_POINT('',(89.,-77.5,5.));
#4856=CARTESIAN_POINT('Origin',(87.,-77.5,5.));
#4857=CARTESIAN_POINT('Origin',(77.5,-77.5,5.));
#4858=CARTESIAN_POINT('',(90.5,-77.5,23.));
#4859=CARTESIAN_POINT('Origin',(77.5,-77.5,23.));
#4860=CARTESIAN_POINT('',(90.5,-77.5,5.));
#4861=CARTESIAN_POINT('',(90.5,-77.5,5.));
#4862=CARTESIAN_POINT('Origin',(77.5,-77.5,5.));
#4863=CARTESIAN_POINT('Origin',(77.5,-77.5,23.));
#4864=CARTESIAN_POINT('Origin',(77.5,-77.5,5.));
#4865=CARTESIAN_POINT('Origin',(-77.5,-77.5,23.));
#4866=CARTESIAN_POINT('',(-75.,-77.5,36.));
#4867=CARTESIAN_POINT('Origin',(-77.5,-77.5,36.));
#4868=CARTESIAN_POINT('',(-75.,-77.5,23.));
#4869=CARTESIAN_POINT('',(-75.,-77.5,23.));
#4870=CARTESIAN_POINT('Origin',(-77.5,-77.5,23.));
#4871=CARTESIAN_POINT('Origin',(-77.5,-77.5,36.));
#4872=CARTESIAN_POINT('Origin',(-87.,-77.5,5.));
#4873=CARTESIAN_POINT('',(-85.,-77.5,23.));
#4874=CARTESIAN_POINT('Origin',(-87.,-77.5,23.));
#4875=CARTESIAN_POINT('',(-85.,-77.5,5.));
#4876=CARTESIAN_POINT('',(-85.,-77.5,5.));
#4877=CARTESIAN_POINT('Origin',(-87.,-77.5,5.));
#4878=CARTESIAN_POINT('Origin',(-77.5,-69.5,5.));
#4879=CARTESIAN_POINT('',(-75.5,-69.5,23.));
#4880=CARTESIAN_POINT('Origin',(-77.5,-69.5,23.));
#4881=CARTESIAN_POINT('',(-75.5,-69.5,5.));
#4882=CARTESIAN_POINT('',(-75.5,-69.5,5.));
#4883=CARTESIAN_POINT('Origin',(-77.5,-69.5,5.));
#4884=CARTESIAN_POINT('Origin',(-68.,-77.5,5.));
#4885=CARTESIAN_POINT('',(-66.,-77.5,23.));
#4886=CARTESIAN_POINT('Origin',(-68.,-77.5,23.));
#4887=CARTESIAN_POINT('',(-66.,-77.5,5.));
#4888=CARTESIAN_POINT('',(-66.,-77.5,5.));
#4889=CARTESIAN_POINT('Origin',(-68.,-77.5,5.));
#4890=CARTESIAN_POINT('Origin',(-77.5,-85.5,5.));
#4891=CARTESIAN_POINT('',(-75.5,-85.5,23.));
#4892=CARTESIAN_POINT('Origin',(-77.5,-85.5,23.));
#4893=CARTESIAN_POINT('',(-75.5,-85.5,5.));
#4894=CARTESIAN_POINT('',(-75.5,-85.5,5.));
#4895=CARTESIAN_POINT('Origin',(-77.5,-85.5,5.));
#4896=CARTESIAN_POINT('Origin',(-77.5,-77.5,5.));
#4897=CARTESIAN_POINT('',(-64.5,-77.5,23.));
#4898=CARTESIAN_POINT('Origin',(-77.5,-77.5,23.));
#4899=CARTESIAN_POINT('',(-64.5,-77.5,5.));
#4900=CARTESIAN_POINT('',(-64.5,-77.5,5.));
#4901=CARTESIAN_POINT('Origin',(-77.5,-77.5,5.));
#4902=CARTESIAN_POINT('Origin',(-77.5,-77.5,23.));
#4903=CARTESIAN_POINT('Origin',(-77.5,-77.5,5.));
#4904=CARTESIAN_POINT('Origin',(15.25,15.25,4.));
#4905=CARTESIAN_POINT('',(17.25,15.25,7.));
#4906=CARTESIAN_POINT('Origin',(15.25,15.25,7.));
#4907=CARTESIAN_POINT('',(17.25,15.25,4.));
#4908=CARTESIAN_POINT('',(17.25,15.25,4.));
#4909=CARTESIAN_POINT('Origin',(15.25,15.25,4.));
#4910=CARTESIAN_POINT('Origin',(-15.25,15.25,4.));
#4911=CARTESIAN_POINT('',(-13.25,15.25,7.));
#4912=CARTESIAN_POINT('Origin',(-15.25,15.25,7.));
#4913=CARTESIAN_POINT('',(-13.25,15.25,4.));
#4914=CARTESIAN_POINT('',(-13.25,15.25,4.));
#4915=CARTESIAN_POINT('Origin',(-15.25,15.25,4.));
#4916=CARTESIAN_POINT('Origin',(15.25,-15.25,4.));
#4917=CARTESIAN_POINT('',(17.25,-15.25,7.));
#4918=CARTESIAN_POINT('Origin',(15.25,-15.25,7.));
#4919=CARTESIAN_POINT('',(17.25,-15.25,4.));
#4920=CARTESIAN_POINT('',(17.25,-15.25,4.));
#4921=CARTESIAN_POINT('Origin',(15.25,-15.25,4.));
#4922=CARTESIAN_POINT('Origin',(-15.25,-15.25,4.));
#4923=CARTESIAN_POINT('',(-13.25,-15.25,7.));
#4924=CARTESIAN_POINT('Origin',(-15.25,-15.25,7.));
#4925=CARTESIAN_POINT('',(-13.25,-15.25,4.));
#4926=CARTESIAN_POINT('',(-13.25,-15.25,4.));
#4927=CARTESIAN_POINT('Origin',(-15.25,-15.25,4.));
#4928=CARTESIAN_POINT('Origin',(17.5,18.,4.));
#4929=CARTESIAN_POINT('',(17.5,18.,4.));
#4930=CARTESIAN_POINT('',(-17.5,18.,4.));
#4931=CARTESIAN_POINT('',(18.,18.,4.));
#4932=CARTESIAN_POINT('',(-17.5,18.,7.));
#4933=CARTESIAN_POINT('',(-17.5,18.,4.));
#4934=CARTESIAN_POINT('',(17.5,18.,7.));
#4935=CARTESIAN_POINT('',(18.,18.,7.));
#4936=CARTESIAN_POINT('',(17.5,18.,4.));
#4937=CARTESIAN_POINT('Origin',(16.,16.,4.));
#4938=CARTESIAN_POINT('',(18.,17.5,4.));
#4939=CARTESIAN_POINT('Origin',(16.,16.,4.));
#4940=CARTESIAN_POINT('',(18.,17.5,7.));
#4941=CARTESIAN_POINT('Origin',(16.,16.,7.));
#4942=CARTESIAN_POINT('',(18.,17.5,4.));
#4943=CARTESIAN_POINT('Origin',(18.,-17.5,4.));
#4944=CARTESIAN_POINT('',(18.,-17.5,4.));
#4945=CARTESIAN_POINT('',(18.,-18.,4.));
#4946=CARTESIAN_POINT('',(18.,-17.5,7.));
#4947=CARTESIAN_POINT('',(18.,-18.,7.));
#4948=CARTESIAN_POINT('',(18.,-17.5,4.));
#4949=CARTESIAN_POINT('Origin',(16.,-16.,4.));
#4950=CARTESIAN_POINT('',(17.5,-18.,4.));
#4951=CARTESIAN_POINT('Origin',(16.,-16.,4.));
#4952=CARTESIAN_POINT('',(17.5,-18.,7.));
#4953=CARTESIAN_POINT('Origin',(16.,-16.,7.));
#4954=CARTESIAN_POINT('',(17.5,-18.,4.));
#4955=CARTESIAN_POINT('Origin',(-17.5,-18.,4.));
#4956=CARTESIAN_POINT('',(-17.5,-18.,4.));
#4957=CARTESIAN_POINT('',(-18.,-18.,4.));
#4958=CARTESIAN_POINT('',(-17.5,-18.,7.));
#4959=CARTESIAN_POINT('',(-18.,-18.,7.));
#4960=CARTESIAN_POINT('',(-17.5,-18.,4.));
#4961=CARTESIAN_POINT('Origin',(-16.,-16.,4.));
#4962=CARTESIAN_POINT('',(-18.,-17.5,4.));
#4963=CARTESIAN_POINT('Origin',(-16.,-16.,4.));
#4964=CARTESIAN_POINT('',(-18.,-17.5,7.));
#4965=CARTESIAN_POINT('Origin',(-16.,-16.,7.));
#4966=CARTESIAN_POINT('',(-18.,-17.5,4.));
#4967=CARTESIAN_POINT('Origin',(-18.,17.5,4.));
#4968=CARTESIAN_POINT('',(-18.,17.5,4.));
#4969=CARTESIAN_POINT('',(-18.,18.,4.));
#4970=CARTESIAN_POINT('',(-18.,17.5,7.));
#4971=CARTESIAN_POINT('',(-18.,18.,7.));
#4972=CARTESIAN_POINT('',(-18.,17.5,4.));
#4973=CARTESIAN_POINT('Origin',(-16.,16.,4.));
#4974=CARTESIAN_POINT('Origin',(-16.,16.,4.));
#4975=CARTESIAN_POINT('Origin',(-16.,16.,7.));
#4976=CARTESIAN_POINT('Origin',(0.,0.,7.));
#4977=CARTESIAN_POINT('Origin',(0.,0.,4.));
#4978=CARTESIAN_POINT('Origin',(-15.25,-15.25,7.));
#4979=CARTESIAN_POINT('',(-13.25,-15.25,22.));
#4980=CARTESIAN_POINT('Origin',(-15.25,-15.25,22.));
#4981=CARTESIAN_POINT('',(-13.25,-15.25,7.));
#4982=CARTESIAN_POINT('',(-13.25,-15.25,7.));
#4983=CARTESIAN_POINT('Origin',(-15.25,-15.25,7.));
#4984=CARTESIAN_POINT('Origin',(-15.25,-15.25,7.));
#4985=CARTESIAN_POINT('',(-14.0510421191718,-18.,7.));
#4986=CARTESIAN_POINT('',(-18.,-14.0510421191718,7.));
#4987=CARTESIAN_POINT('Origin',(-15.25,-15.25,7.));
#4988=CARTESIAN_POINT('',(-18.,-14.0510421191718,22.));
#4989=CARTESIAN_POINT('',(-18.,-14.0510421191718,7.));
#4990=CARTESIAN_POINT('',(-14.0510421191718,-18.,22.));
#4991=CARTESIAN_POINT('Origin',(-15.25,-15.25,22.));
#4992=CARTESIAN_POINT('',(-14.0510421191718,-18.,7.));
#4993=CARTESIAN_POINT('Origin',(-16.4489578808282,-18.,7.));
#4994=CARTESIAN_POINT('',(-16.4489578808282,-18.,7.));
#4995=CARTESIAN_POINT('',(-17.5,-18.,7.));
#4996=CARTESIAN_POINT('',(-16.4489578808282,-18.,22.));
#4997=CARTESIAN_POINT('',(-17.5,-18.,22.));
#4998=CARTESIAN_POINT('',(-16.4489578808282,-18.,7.));
#4999=CARTESIAN_POINT('Origin',(-15.25,-15.25,7.));
#5000=CARTESIAN_POINT('',(-18.,-16.4489578808282,7.));
#5001=CARTESIAN_POINT('Origin',(-15.25,-15.25,7.));
#5002=CARTESIAN_POINT('',(-18.,-16.4489578808282,22.));
#5003=CARTESIAN_POINT('Origin',(-15.25,-15.25,22.));
#5004=CARTESIAN_POINT('',(-18.,-16.4489578808282,7.));
#5005=CARTESIAN_POINT('Origin',(-18.,-14.0510421191718,7.));
#5006=CARTESIAN_POINT('',(-18.,17.5,7.));
#5007=CARTESIAN_POINT('',(-18.,17.5,22.));
#5008=CARTESIAN_POINT('Origin',(-15.125,-15.125,22.));
#5009=CARTESIAN_POINT('Origin',(-15.125,-15.125,7.));
#5010=CARTESIAN_POINT('Origin',(15.25,-15.25,7.));
#5011=CARTESIAN_POINT('',(17.25,-15.25,22.));
#5012=CARTESIAN_POINT('Origin',(15.25,-15.25,22.));
#5013=CARTESIAN_POINT('',(17.25,-15.25,7.));
#5014=CARTESIAN_POINT('',(17.25,-15.25,7.));
#5015=CARTESIAN_POINT('Origin',(15.25,-15.25,7.));
#5016=CARTESIAN_POINT('Origin',(15.25,-15.25,22.));
#5017=CARTESIAN_POINT('Origin',(15.25,-15.25,7.));
#5018=CARTESIAN_POINT('Origin',(-15.25,15.25,7.));
#5019=CARTESIAN_POINT('',(-13.25,15.25,22.));
#5020=CARTESIAN_POINT('Origin',(-15.25,15.25,22.));
#5021=CARTESIAN_POINT('',(-13.25,15.25,7.));
#5022=CARTESIAN_POINT('',(-13.25,15.25,7.));
#5023=CARTESIAN_POINT('Origin',(-15.25,15.25,7.));
#5024=CARTESIAN_POINT('Origin',(-15.25,15.25,7.));
#5025=CARTESIAN_POINT('',(-16.4489578808282,18.,7.));
#5026=CARTESIAN_POINT('',(-18.,16.4489578808282,7.));
#5027=CARTESIAN_POINT('Origin',(-15.25,15.25,7.));
#5028=CARTESIAN_POINT('',(-18.,16.4489578808282,22.));
#5029=CARTESIAN_POINT('',(-18.,16.4489578808282,7.));
#5030=CARTESIAN_POINT('',(-16.4489578808282,18.,22.));
#5031=CARTESIAN_POINT('Origin',(-15.25,15.25,22.));
#5032=CARTESIAN_POINT('',(-16.4489578808282,18.,7.));
#5033=CARTESIAN_POINT('Origin',(-14.0510421191718,18.,7.));
#5034=CARTESIAN_POINT('',(-14.0510421191718,18.,7.));
#5035=CARTESIAN_POINT('',(17.5,18.,7.));
#5036=CARTESIAN_POINT('',(-14.0510421191718,18.,22.));
#5037=CARTESIAN_POINT('',(17.5,18.,22.));
#5038=CARTESIAN_POINT('',(-14.0510421191718,18.,7.));
#5039=CARTESIAN_POINT('Origin',(-15.25,15.25,7.));
#5040=CARTESIAN_POINT('',(-18.,14.0510421191718,7.));
#5041=CARTESIAN_POINT('Origin',(-15.25,15.25,7.));
#5042=CARTESIAN_POINT('',(-18.,14.0510421191718,22.));
#5043=CARTESIAN_POINT('Origin',(-15.25,15.25,22.));
#5044=CARTESIAN_POINT('',(-18.,14.0510421191718,7.));
#5045=CARTESIAN_POINT('Origin',(-18.,16.4489578808282,7.));
#5046=CARTESIAN_POINT('',(-18.,17.5,7.));
#5047=CARTESIAN_POINT('',(-18.,17.5,22.));
#5048=CARTESIAN_POINT('Origin',(-15.125,15.125,22.));
#5049=CARTESIAN_POINT('Origin',(-15.125,15.125,7.));
#5050=CARTESIAN_POINT('Origin',(15.25,15.25,7.));
#5051=CARTESIAN_POINT('',(17.25,15.25,22.));
#5052=CARTESIAN_POINT('Origin',(15.25,15.25,22.));
#5053=CARTESIAN_POINT('',(17.25,15.25,7.));
#5054=CARTESIAN_POINT('',(17.25,15.25,7.));
#5055=CARTESIAN_POINT('Origin',(15.25,15.25,7.));
#5056=CARTESIAN_POINT('Origin',(16.4489578808282,18.,7.));
#5057=CARTESIAN_POINT('',(16.4489578808282,18.,7.));
#5058=CARTESIAN_POINT('',(14.0510421191718,18.,7.));
#5059=CARTESIAN_POINT('',(17.5,18.,7.));
#5060=CARTESIAN_POINT('',(14.0510421191718,18.,22.));
#5061=CARTESIAN_POINT('',(14.0510421191718,18.,7.));
#5062=CARTESIAN_POINT('',(16.4489578808282,18.,22.));
#5063=CARTESIAN_POINT('',(17.5,18.,22.));
#5064=CARTESIAN_POINT('',(16.4489578808282,18.,7.));
#5065=CARTESIAN_POINT('Origin',(15.25,15.25,7.));
#5066=CARTESIAN_POINT('',(18.,16.4489578808282,7.));
#5067=CARTESIAN_POINT('Origin',(15.25,15.25,7.));
#5068=CARTESIAN_POINT('',(18.,16.4489578808282,22.));
#5069=CARTESIAN_POINT('Origin',(15.25,15.25,22.));
#5070=CARTESIAN_POINT('',(18.,16.4489578808282,7.));
#5071=CARTESIAN_POINT('Origin',(18.,14.0510421191718,7.));
#5072=CARTESIAN_POINT('',(18.,14.0510421191718,7.));
#5073=CARTESIAN_POINT('',(18.,-17.5,7.));
#5074=CARTESIAN_POINT('',(18.,14.0510421191718,22.));
#5075=CARTESIAN_POINT('',(18.,-17.5,22.));
#5076=CARTESIAN_POINT('',(18.,14.0510421191718,7.));
#5077=CARTESIAN_POINT('Origin',(15.25,15.25,7.));
#5078=CARTESIAN_POINT('Origin',(15.25,15.25,7.));
#5079=CARTESIAN_POINT('Origin',(15.25,15.25,22.));
#5080=CARTESIAN_POINT('Origin',(15.125,15.125,22.));
#5081=CARTESIAN_POINT('Origin',(15.125,15.125,7.));
#5082=CARTESIAN_POINT('Origin',(35.4880000000144,41.1448542494923,5.));
#5083=CARTESIAN_POINT('',(41.1448542495068,35.488,5.));
#5084=CARTESIAN_POINT('',(35.4880000000144,41.1448542494923,5.));
#5085=CARTESIAN_POINT('',(41.1448542495068,35.488,5.));
#5086=CARTESIAN_POINT('',(41.1448542495068,35.488,7.));
#5087=CARTESIAN_POINT('',(41.1448542495068,35.488,5.));
#5088=CARTESIAN_POINT('',(35.4880000000144,41.1448542494923,7.));
#5089=CARTESIAN_POINT('',(41.1448542495068,35.488,7.));
#5090=CARTESIAN_POINT('',(35.4880000000144,41.1448542494923,5.));
#5091=CARTESIAN_POINT('Origin',(53.1656695296781,58.822523779156,5.));
#5092=CARTESIAN_POINT('',(53.1656695296781,58.822523779156,5.));
#5093=CARTESIAN_POINT('',(35.4880000000144,41.1448542494923,5.));
#5094=CARTESIAN_POINT('',(53.1656695296781,58.822523779156,7.));
#5095=CARTESIAN_POINT('',(35.4880000000144,41.1448542494923,7.));
#5096=CARTESIAN_POINT('',(53.1656695296781,58.822523779156,5.));
#5097=CARTESIAN_POINT('Origin',(58.8225237791705,53.1656695296636,5.));
#5098=CARTESIAN_POINT('',(58.8225237791705,53.1656695296636,5.));
#5099=CARTESIAN_POINT('',(53.1656695296781,58.822523779156,5.));
#5100=CARTESIAN_POINT('',(58.8225237791705,53.1656695296636,7.));
#5101=CARTESIAN_POINT('',(53.1656695296781,58.822523779156,7.));
#5102=CARTESIAN_POINT('',(58.8225237791705,53.1656695296636,5.));
#5103=CARTESIAN_POINT('Origin',(41.1448542495068,35.488,5.));
#5104=CARTESIAN_POINT('',(58.8225237791705,53.1656695296636,5.));
#5105=CARTESIAN_POINT('',(58.8225237791705,53.1656695296636,7.));
#5106=CARTESIAN_POINT('Origin',(47.1552618895925,47.155261889578,7.));
#5107=CARTESIAN_POINT('Origin',(47.1552618895925,47.155261889578,5.));
#5108=CARTESIAN_POINT('Origin',(59.822646546464,-54.1650397046298,5.));
#5109=CARTESIAN_POINT('',(42.1446007246344,-36.487746475142,5.));
#5110=CARTESIAN_POINT('',(59.822646546464,-54.1650397046298,5.));
#5111=CARTESIAN_POINT('',(42.1446007246344,-36.487746475142,5.));
#5112=CARTESIAN_POINT('',(42.1446007246344,-36.487746475142,7.));
#5113=CARTESIAN_POINT('',(42.1446007246344,-36.487746475142,5.));
#5114=CARTESIAN_POINT('',(59.822646546464,-54.1650397046298,7.));
#5115=CARTESIAN_POINT('',(42.1446007246344,-36.487746475142,7.));
#5116=CARTESIAN_POINT('',(59.822646546464,-54.1650397046298,5.));
#5117=CARTESIAN_POINT('Origin',(54.1659127130279,-59.8220143676153,5.));
#5118=CARTESIAN_POINT('',(54.1659127130279,-59.8220143676153,5.));
#5119=CARTESIAN_POINT('',(59.822646546464,-54.1650397046298,5.));
#5120=CARTESIAN_POINT('',(54.1659127130279,-59.8220143676153,7.));
#5121=CARTESIAN_POINT('',(59.822646546464,-54.1650397046298,7.));
#5122=CARTESIAN_POINT('',(54.1659127130279,-59.8220143676153,5.));
#5123=CARTESIAN_POINT('Origin',(36.4878668911983,-42.1447211381275,5.));
#5124=CARTESIAN_POINT('',(36.4878668911983,-42.1447211381275,5.));
#5125=CARTESIAN_POINT('',(54.1659127130279,-59.8220143676153,5.));
#5126=CARTESIAN_POINT('',(36.4878668911983,-42.1447211381275,7.));
#5127=CARTESIAN_POINT('',(54.1659127130279,-59.8220143676153,7.));
#5128=CARTESIAN_POINT('',(36.4878668911983,-42.1447211381275,5.));
#5129=CARTESIAN_POINT('Origin',(42.1446007246344,-36.487746475142,5.));
#5130=CARTESIAN_POINT('',(36.4878668911983,-42.1447211381275,5.));
#5131=CARTESIAN_POINT('',(36.4878668911983,-42.1447211381275,7.));
#5132=CARTESIAN_POINT('Origin',(48.1552567188311,-48.1548804213786,7.));
#5133=CARTESIAN_POINT('Origin',(48.1552567188311,-48.1548804213786,5.));
#5134=CARTESIAN_POINT('Origin',(-40.466495839623,34.8096415901211,5.));
#5135=CARTESIAN_POINT('',(-34.8096415901307,40.4664958396134,5.));
#5136=CARTESIAN_POINT('',(-40.466495839623,34.8096415901211,5.));
#5137=CARTESIAN_POINT('',(-34.8096415901307,40.4664958396134,5.));
#5138=CARTESIAN_POINT('',(-34.8096415901307,40.4664958396134,7.));
#5139=CARTESIAN_POINT('',(-34.8096415901307,40.4664958396134,5.));
#5140=CARTESIAN_POINT('',(-40.466495839623,34.8096415901211,7.));
#5141=CARTESIAN_POINT('',(-34.8096415901307,40.4664958396134,7.));
#5142=CARTESIAN_POINT('',(-40.466495839623,34.8096415901211,5.));
#5143=CARTESIAN_POINT('Origin',(-58.1441653692867,52.4873111197848,5.));
#5144=CARTESIAN_POINT('',(-58.1441653692867,52.4873111197848,5.));
#5145=CARTESIAN_POINT('',(-40.466495839623,34.8096415901211,5.));
#5146=CARTESIAN_POINT('',(-58.1441653692867,52.4873111197848,7.));
#5147=CARTESIAN_POINT('',(-40.466495839623,34.8096415901211,7.));
#5148=CARTESIAN_POINT('',(-58.1441653692867,52.4873111197848,5.));
#5149=CARTESIAN_POINT('Origin',(-52.4873111197943,58.1441653692772,5.));
#5150=CARTESIAN_POINT('',(-52.4873111197943,58.1441653692772,5.));
#5151=CARTESIAN_POINT('',(-58.1441653692867,52.4873111197848,5.));
#5152=CARTESIAN_POINT('',(-52.4873111197943,58.1441653692772,7.));
#5153=CARTESIAN_POINT('',(-58.1441653692867,52.4873111197848,7.));
#5154=CARTESIAN_POINT('',(-52.4873111197943,58.1441653692772,5.));
#5155=CARTESIAN_POINT('Origin',(-34.8096415901307,40.4664958396134,5.));
#5156=CARTESIAN_POINT('',(-52.4873111197943,58.1441653692772,5.));
#5157=CARTESIAN_POINT('',(-52.4873111197943,58.1441653692772,7.));
#5158=CARTESIAN_POINT('Origin',(-46.4769034797087,46.4769034796991,7.));
#5159=CARTESIAN_POINT('Origin',(-46.4769034797087,46.4769034796991,5.));
#5160=CARTESIAN_POINT('Origin',(-58.822523779156,-53.1656695296676,5.));
#5161=CARTESIAN_POINT('',(-53.1656695296636,-58.8225237791574,5.));
#5162=CARTESIAN_POINT('',(-58.822523779156,-53.1656695296676,5.));
#5163=CARTESIAN_POINT('',(-53.1656695296636,-58.8225237791574,5.));
#5164=CARTESIAN_POINT('',(-53.1656695296636,-58.8225237791574,7.));
#5165=CARTESIAN_POINT('',(-53.1656695296636,-58.8225237791574,5.));
#5166=CARTESIAN_POINT('',(-58.822523779156,-53.1656695296676,7.));
#5167=CARTESIAN_POINT('',(-53.1656695296636,-58.8225237791574,7.));
#5168=CARTESIAN_POINT('',(-58.822523779156,-53.1656695296676,5.));
#5169=CARTESIAN_POINT('Origin',(-41.1448542494962,-35.488,5.));
#5170=CARTESIAN_POINT('',(-41.1448542494962,-35.488,5.));
#5171=CARTESIAN_POINT('',(-58.822523779156,-53.1656695296676,5.));
#5172=CARTESIAN_POINT('',(-41.1448542494962,-35.488,7.));
#5173=CARTESIAN_POINT('',(-58.822523779156,-53.1656695296676,7.));
#5174=CARTESIAN_POINT('',(-41.1448542494962,-35.488,5.));
#5175=CARTESIAN_POINT('Origin',(-35.4880000000026,-41.1448542494911,5.));
#5176=CARTESIAN_POINT('',(-35.4880000000026,-41.1448542494911,5.));
#5177=CARTESIAN_POINT('',(-41.1448542494962,-35.488,5.));
#5178=CARTESIAN_POINT('',(-35.4880000000026,-41.1448542494911,7.));
#5179=CARTESIAN_POINT('',(-41.1448542494962,-35.488,7.));
#5180=CARTESIAN_POINT('',(-35.4880000000026,-41.1448542494911,5.));
#5181=CARTESIAN_POINT('Origin',(-53.1656695296636,-58.8225237791574,5.));
#5182=CARTESIAN_POINT('',(-35.4880000000026,-41.1448542494911,5.));
#5183=CARTESIAN_POINT('',(-35.4880000000026,-41.1448542494911,7.));
#5184=CARTESIAN_POINT('Origin',(-47.1552618895793,-47.1552618895787,7.));
#5185=CARTESIAN_POINT('Origin',(-47.1552618895793,-47.1552618895787,5.));
#5186=CARTESIAN_POINT('Origin',(51.5,16.5,22.));
#5187=CARTESIAN_POINT('',(51.5,16.5,22.));
#5188=CARTESIAN_POINT('',(-51.5,16.5,22.));
#5189=CARTESIAN_POINT('',(51.5,16.5,22.));
#5190=CARTESIAN_POINT('',(-51.5,16.5,45.));
#5191=CARTESIAN_POINT('',(-51.5,16.5,22.));
#5192=CARTESIAN_POINT('',(51.5,16.5,45.));
#5193=CARTESIAN_POINT('',(51.5,16.5,45.));
#5194=CARTESIAN_POINT('',(51.5,16.5,22.));
#5195=CARTESIAN_POINT('Origin',(51.5,-16.5,22.));
#5196=CARTESIAN_POINT('',(51.5,-16.5,22.));
#5197=CARTESIAN_POINT('',(51.5,-16.5,22.));
#5198=CARTESIAN_POINT('',(51.5,-16.5,45.));
#5199=CARTESIAN_POINT('',(51.5,-16.5,45.));
#5200=CARTESIAN_POINT('',(51.5,-16.5,22.));
#5201=CARTESIAN_POINT('Origin',(-51.5,-16.5,22.));
#5202=CARTESIAN_POINT('',(-51.5,-16.5,22.));
#5203=CARTESIAN_POINT('',(-51.5,-16.5,22.));
#5204=CARTESIAN_POINT('',(-51.5,-16.5,45.));
#5205=CARTESIAN_POINT('',(-51.5,-16.5,45.));
#5206=CARTESIAN_POINT('',(-51.5,-16.5,22.));
#5207=CARTESIAN_POINT('Origin',(-51.5,16.5,22.));
#5208=CARTESIAN_POINT('',(-51.5,16.5,22.));
#5209=CARTESIAN_POINT('',(-51.5,16.5,45.));
#5210=CARTESIAN_POINT('Origin',(0.,0.,45.));
#5211=CARTESIAN_POINT('Origin',(0.,0.,22.));
#5212=UNCERTAINTY_MEASURE_WITH_UNIT(LENGTH_MEASURE(0.01),#5216,
'DISTANCE_ACCURACY_VALUE',
'Maximum model space distance between geometric entities at asserted c
onnectivities');
#5213=UNCERTAINTY_MEASURE_WITH_UNIT(LENGTH_MEASURE(0.01),#5216,
'DISTANCE_ACCURACY_VALUE',
'Maximum model space distance between geometric entities at asserted c
onnectivities');
#5214=(
GEOMETRIC_REPRESENTATION_CONTEXT(3)
GLOBAL_UNCERTAINTY_ASSIGNED_CONTEXT((#5212))
GLOBAL_UNIT_ASSIGNED_CONTEXT((#5216,#5218,#5219))
REPRESENTATION_CONTEXT('','3D')
);
#5215=(
GEOMETRIC_REPRESENTATION_CONTEXT(3)
GLOBAL_UNCERTAINTY_ASSIGNED_CONTEXT((#5213))
GLOBAL_UNIT_ASSIGNED_CONTEXT((#5216,#5218,#5219))
REPRESENTATION_CONTEXT('','3D')
);
#5216=(
LENGTH_UNIT()
NAMED_UNIT(*)
SI_UNIT(.MILLI.,.METRE.)
);
#5217=(
LENGTH_UNIT()
NAMED_UNIT(*)
SI_UNIT($,.METRE.)
);
#5218=(
NAMED_UNIT(*)
PLANE_ANGLE_UNIT()
SI_UNIT($,.RADIAN.)
);
#5219=(
NAMED_UNIT(*)
SI_UNIT($,.STERADIAN.)
SOLID_ANGLE_UNIT()
);
#5220=SHAPE_DEFINITION_REPRESENTATION(#5221,#5222);
#5221=PRODUCT_DEFINITION_SHAPE('',$,#5224);
#5222=SHAPE_REPRESENTATION('',(#3100),#5214);
#5223=PRODUCT_DEFINITION_CONTEXT('part definition',#5228,'design');
#5224=PRODUCT_DEFINITION('2026-09-27-11-14-15-266','Drone v1',#5225,#5223);
#5225=PRODUCT_DEFINITION_FORMATION('',$,#5230);
#5226=PRODUCT_RELATED_PRODUCT_CATEGORY('Drone v1','Drone v1',(#5230));
#5227=APPLICATION_PROTOCOL_DEFINITION('international standard',
'automotive_design',2009,#5228);
#5228=APPLICATION_CONTEXT(
'Core Data for Automotive Mechanical Design Process');
#5229=PRODUCT_CONTEXT('part definition',#5228,'mechanical');
#5230=PRODUCT('2026-09-27-11-14-15-266','Drone v1',$,(#5229));
#5231=PRESENTATION_STYLE_ASSIGNMENT((#5239));
#5232=PRESENTATION_STYLE_ASSIGNMENT((#5240));
#5233=PRESENTATION_STYLE_ASSIGNMENT((#5241));
#5234=PRESENTATION_STYLE_ASSIGNMENT((#5242));
#5235=PRESENTATION_STYLE_ASSIGNMENT((#5243));
#5236=PRESENTATION_STYLE_ASSIGNMENT((#5244));
#5237=PRESENTATION_STYLE_ASSIGNMENT((#5245));
#5238=PRESENTATION_STYLE_ASSIGNMENT((#5246));
#5239=SURFACE_STYLE_USAGE(.BOTH.,#5247);
#5240=SURFACE_STYLE_USAGE(.BOTH.,#5248);
#5241=SURFACE_STYLE_USAGE(.BOTH.,#5249);
#5242=SURFACE_STYLE_USAGE(.BOTH.,#5250);
#5243=SURFACE_STYLE_USAGE(.BOTH.,#5251);
#5244=SURFACE_STYLE_USAGE(.BOTH.,#5252);
#5245=SURFACE_STYLE_USAGE(.BOTH.,#5253);
#5246=SURFACE_STYLE_USAGE(.BOTH.,#5254);
#5247=SURFACE_SIDE_STYLE('',(#5255));
#5248=SURFACE_SIDE_STYLE('',(#5256));
#5249=SURFACE_SIDE_STYLE('',(#5257));
#5250=SURFACE_SIDE_STYLE('',(#5258));
#5251=SURFACE_SIDE_STYLE('',(#5259));
#5252=SURFACE_SIDE_STYLE('',(#5260));
#5253=SURFACE_SIDE_STYLE('',(#5261));
#5254=SURFACE_SIDE_STYLE('',(#5262));
#5255=SURFACE_STYLE_FILL_AREA(#5263);
#5256=SURFACE_STYLE_FILL_AREA(#5264);
#5257=SURFACE_STYLE_FILL_AREA(#5265);
#5258=SURFACE_STYLE_FILL_AREA(#5266);
#5259=SURFACE_STYLE_FILL_AREA(#5267);
#5260=SURFACE_STYLE_FILL_AREA(#5268);
#5261=SURFACE_STYLE_FILL_AREA(#5269);
#5262=SURFACE_STYLE_FILL_AREA(#5270);
#5263=FILL_AREA_STYLE('Steel - Satin',(#5271));
#5264=FILL_AREA_STYLE('Coating - Black Oxide',(#5272));
#5265=FILL_AREA_STYLE('Leather - Matte (Black)',(#5273));
#5266=FILL_AREA_STYLE('Polyurethane',(#5274));
#5267=FILL_AREA_STYLE('Paint - Enamel Glossy (White)',(#5275));
#5268=FILL_AREA_STYLE('Plastic - Matte (Yellow)',(#5276));
#5269=FILL_AREA_STYLE('Paint - Metallic (Yellow)',(#5277));
#5270=FILL_AREA_STYLE('Aluminum - Anodized Rough (Red)',(#5278));
#5271=FILL_AREA_STYLE_COLOUR('Steel - Satin',#5279);
#5272=FILL_AREA_STYLE_COLOUR('Coating - Black Oxide',#5280);
#5273=FILL_AREA_STYLE_COLOUR('Leather - Matte (Black)',#5281);
#5274=FILL_AREA_STYLE_COLOUR('Polyurethane',#5282);
#5275=FILL_AREA_STYLE_COLOUR('Paint - Enamel Glossy (White)',#5283);
#5276=FILL_AREA_STYLE_COLOUR('Plastic - Matte (Yellow)',#5284);
#5277=FILL_AREA_STYLE_COLOUR('Paint - Metallic (Yellow)',#5285);
#5278=FILL_AREA_STYLE_COLOUR('Aluminum - Anodized Rough (Red)',#5286);
#5279=COLOUR_RGB('Steel - Satin',0.627450980392157,0.627450980392157,0.627450980392157);
#5280=COLOUR_RGB('Coating - Black Oxide',0.172549019607843,0.172549019607843,
0.172549019607843);
#5281=COLOUR_RGB('Leather - Matte (Black)',0.,0.,0.);
#5282=COLOUR_RGB('Polyurethane',0.,0.,0.);
#5283=COLOUR_RGB('Paint - Enamel Glossy (White)',0.964705882352941,0.964705882352941,
0.952941176470588);
#5284=COLOUR_RGB('Plastic - Matte (Yellow)',0.909803921568627,0.67843137254902,
0.137254901960784);
#5285=COLOUR_RGB('Paint - Metallic (Yellow)',0.909803921568627,0.67843137254902,
0.137254901960784);
#5286=COLOUR_RGB('Aluminum - Anodized Rough (Red)',0.854901960784314,0.349019607843137,
0.349019607843137);
ENDSEC;
END-ISO-10303-21;
